Link,Title,Location,Salary,Summary
https://kr.indeed.com/viewjob?jk=979279a9428ebc27,Data Mining Specialist,Thermo Fisher Scientific 3.5 서울,,"Preferably understanding of analytics and business intelligence technologies... R, Python, Power BI or MS AI solutions"
https://kr.indeed.com/viewjob?jk=4fa0faf0652b6f6a,"Staff Engineer, Firmware Engineering",Western Digital 서울,,"implementing SSD firmware in C / C++ / Python language, debugging issues... level languages (e.g., C, C++, Python)."
https://kr.indeed.com/viewjob?jk=7f0c96103ec6d102,경력 개발자,아파트엔 서울 동작구,"월급 4,400,000원 - 4,600,000원",본적인 OS (Linux) 활용 능력 2. 기본적인 문서 작성 능력 3. 프로그래밍 - Java Web - Python 4. 기본적인 DBMS 활용 능력 상세모집요강 접수기간/방법 시작일 2021.4.27 (화) 마감일...
https://kr.indeed.com/viewjob?jk=a746de9c7a6168ef,Healthcare Real World Data Analyst 담당자,IQVIA 서울,,"HEOR 전반적인 업무 수행 Qualifications Claims Data 관련 분석 경력자 SAS / Python / R 등 통계 프로그래밍 언어 사용 가능자 통계학 전공자, 통계 및 Epidemiology 관련 석사..."
https://kr.indeed.com/viewjob?jk=4cd34228af5013fd,DGIST 2019년 제1차 계약직원 공개채용 공고,대구경북과학기술원 대구 현풍면,,"우수자(SPSS, R 등 통계패키지) 외국어(영어) 구사 능력 우수자 Programming(MATLAB, Python, C/C++ 등) 가능자 · 근무기간 : 2019.3.11.~2020.3.10. ※ 단, 재계약 평가에..."
https://kr.indeed.com/viewjob?jk=6ea2e8ba32b3bdee,[기술 공채] 데이터 사이언스,NHN] [기술 경력공채 4.4 성남 판교역,,"모델튜닝, 결과 해석 등) 머신러닝 및 데이터 분석 관련 언어(R, Python, SQL 등)의 능숙한 활용 통계적 분석 방법 및 알고리즘에 대한... 관련 언어, 라이브러리( Python, R, SQL, Tensorflow 등..."
https://kr.indeed.com/viewjob?jk=166aa0c72e94a266,Business Data Analyst,Soomgo 서울 강남구,,"즈니스에 적용하고 개선한 경험 (Google Optimize, Optimizely, 등) 우대사항 • Python 또는 R 을 사용하여 데이터 분석에 활용 가능 • 경영학, 통계학, 경제학, data analysis 등..."
https://kr.indeed.com/viewjob?jk=7b04030358d701b1,[서울시뉴딜] 디지털사이니지 · 실감콘텐츠 분야 전문인력 양성 교육 /...,스마트미디어산업진흥협회 서울,,통신·모바일·게임>웹프로그래머> Python|인터넷·IT·통신·모바일·게임... 로그래머>머신러닝(ML)|인터넷·IT·통신·모바일·게임>응용프로그래머> Python|인터넷·IT·통신·모바일·게임>응용프로그래머>증강현실(AR)|인터넷...
https://kr.indeed.com/viewjob?jk=abd1590860e1e1b3,[우량 E-커머스 벤처기업] 데이터 엔지니어 (주니어 ~ 시니어),TrueHR 서울 강남구,,"- Scala, Java, Python 중 하나 이상의 프로그래밍 언어를 경험... 년 이하)학력사항: 대학교(4년)졸업기타: - Scala, Java, Python 중 하나 이상의 프로그래밍 언어를 경험하신 분- 알고리즘의 Time..."
https://kr.indeed.com/viewjob?jk=9f7793affee60ccc,"Sales Engineer (Pre-Sales), Korea",Recorded Future 서울,,"required Technical skills: Coding experience preferred (i.e. Python), JSON familiarity a plus Experience in an analytical..."
https://kr.indeed.com/viewjob?jk=54e0d08c99dcf507,MI(Market Intelligence)담당 마케팅 전략 경력사원,LG전자 3.8 서울 영등포구,,"AL이상 성적에 대하여 1개 이상 보유 4) 우대 사항 - 통계 분석 및 프로그래밍 언어 역량 보유: R, python, Java, SPSS, Tableau, etc. - 영어 능통 역량: 해외법인과 영어 화상 회의 및 현지..."
https://kr.indeed.com/viewjob?jk=c5f5bde0edbca656,[주식회사 엠아이제이] H/W 개발 정규직 사원,엠아이제이 강원도 춘천,"연봉 26,000,000원 - 28,000,000원","가능한 자 필요사항 -신입 및 경력 -전자 회로 해석 가능자 -펌웨어 프로그래밍 언어 경험(C, Java, Python, C++, C#c Visual Basic, JavaScript 등) 학력 -초대졸/대졸 이상 우대사항..."
https://kr.indeed.com/viewjob?jk=c8c02d6751fce8a8,Python 경력 정규직,브라이트컨설팅 서울 강남구,,브라이트컨설팅 Python 경력 정규직 채용 모집부문 및 자격요건 담당업무 자격요건 인원 [자격요건] 경력사항: 경력(7년 이상 12년 이하) 학력사... 수 있습니다. 인터넷·IT·통신·모바일·게임>응용프로그래머> Python
https://kr.indeed.com/viewjob?jk=687b9e16f739c6bc,데이터 분석 및 컨설팅분야 (경력직),한국정보기술단 과천 과천시,,"데이터 분석 및 컨설팅 분야 ( Python, SAS, 빅데이터) 경력직... 데이터분석|인터넷·IT·통신·모바일·게임>빅데이터·AI(인공지능)> Python|인터넷·IT·통신·모바일·게임>빅데이터·AI(인공지능)>R|인터넷..."
https://kr.indeed.com/viewjob?jk=df21e3bb5d773616,Python Programmer,Mofac 서울 서초구,,개발 – JAVA 프로그래밍(라이브러리 활용) – Spring 프레임 워크 개발 – Python API 프로그래밍 우대사항 – Python 개발 경험 – Open Source 라이브러리 개발경험 – Web 표준에 대한 경험...
https://kr.indeed.com/viewjob?jk=bc5131eb1f2981cb,이공지능(AI) / 딥러닝 / Computer Vision 경력자 정규직,더블미코리아 서울 서초구,,관련분야 석사 학위 이상 또는 개발 경험 2년 이상 • C++ / Python / OpenCV 개발 경험 [우대사항] • 딥러닝/컴퓨터버젼 관련... 통신·모바일·게임>응용프로그래머> Python|인터넷·IT·통신·모바일·게임...
https://kr.indeed.com/viewjob?jk=29fb6625509ce9fb,2021년 상반기 정보보안 엔지니어 - 취약점 파트,인섹시큐리티 서울 금천구,,10에 대한 설명과 구현/조치 가능 - 국내 컴플라이언스 대응 경험 (주요정보통신기반시설 가이드 등) - Python 활용자 - Kali 및 Metasploit 경험자 * 자격요건과 우대사항은 필수가 아닙니다. 0 명 근무조...
https://kr.indeed.com/viewjob?jk=9d05b48e020daca2,Solutions Architect II,Amazon Web Services Korea LLC 서울,,"languages... Ruby, Python and Node... 현대 개발 언어에 대한 실무적 지식: 루비 (Ruby), 파이썬 ( Python), Node.js 등 · 개발자 및 IT 운영자 대상의 신기술 전파에..."
https://kr.indeed.com/viewjob?jk=4e91309fc89e9534,2020년 하반기 영업/기획/마케팅/개발 부문,아우토크립트 서울 영등포구,,통신·모바일·게임>응용프로그래머> Python|인터넷·IT·통신·모바일·게임... 프로그래머> Python|인터넷·IT·통신·모바일·게임>웹프로그래머>JAVA|인터넷·IT·통신·모바일·게임>빅데이터·AI(인공지능)> Python|인터넷...
https://kr.indeed.com/viewjob?jk=b6dead086316ba8e,신경망 연구 개발자,에스알유니버스 서울 마포구,"연봉 40,000,000원 - 50,000,000원","신입, 경력(연차무관)학력사항: 대학교(4년)졸업직무기술: 딥러닝, Python, TensorFlow, openCV[우대사항]전공계열: 공학계열... 게임>빅데이터·AI(인공지능)> Python|인터넷·IT·통신·모바일·게임..."
https://kr.indeed.com/viewjob?jk=e5448ffc7d6ecf02,FPGA 플랫폼 엔지니어 (딥러닝 하드웨어 프로세서 개발),딥엑스 성남 분당구,"연봉 40,000,000원 - 100,000,000원","사용 경험(Chip Scope/SignalTap) - Language: Python/Perl, C/C++ - Vivado 또는 Synplify 또는... SignalTap) - Language: Python/Perl, C/C++..."
https://kr.indeed.com/viewjob?jk=fe89862a190e9b16,챗봇 개발자,에스알유니버스 서울 마포구,"연봉 30,000,000원 - 35,000,000원","경력사항: 신입, 경력(연차무관)학력사항: 대학교(4년)졸업직무기술: Python, Linux, 자연어처리(NLP), 인공지능 챗봇, 인공지능 (AI... 게임>빅데이터·AI(인공지능)> Python|인터넷·IT·통신·모바일·게임..."
https://kr.indeed.com/viewjob?jk=cd7edd3374a0c638,[메이저그룹계열 리딩 소프트웨어 기업] AI 플랫폼 개발,yesconsulting 서울,,"및 Kubernetes 컴퓨팅 환경에서 서비스 개발 경험- 기본적인 네트워크, 스토리지에 대한 이해- Python을 활용한 서비스 개발 경험- 신기술 습득 능력 및 도전 정신이 뛰어난 분 【우대사항】 - 오픈소스..."
https://kr.indeed.com/viewjob?jk=fa817f9dde682b00,대기업 영상처리 관련 IP 개발자 (판교),인파트너스 서울,"연봉 60,000,000원 - 70,000,000원","Verification- Mentor Catapult HLS Tool 경험자- Python 가능[근무부서 및 직급/직책]직급/직책: 대리, 과장... 게임>빅데이터·AI(인공지능)> Python|인터넷·IT·통신·모바일·게임..."
https://kr.indeed.com/viewjob?jk=1961a1ecccb03336,[NIT Service] 네이버 파이낸셜 플랫폼 운영,엔아이티서비스 성남 분당구,,"및 어플리케이션 배포 전략 지식 보유 - Shell script, python 및 web framework 등 기타 프로그래밍 언어 활용 가능... 보유 - Shell script, python 및 web framework..."
https://kr.indeed.com/viewjob?jk=1afeb690c51e51b5,[기술 공채] 클라우드 서비스 및 플랫폼,NHN] [기술 경력공채 4.4 성남 판교역,,"개발 경험 - C/C++, Python 등의 다양한 개발 언어 구사... JPA - SQL Server, Windows Server - Python, Powershell - Vue.js, Javascript, Webpack..."
https://kr.indeed.com/viewjob?jk=9c352078fbc205b5,Software Developer - OSS and Network Man...,Ericsson 서울,,"Programming Language and skillset: Java(preferred), C++, Python, CI Environment, Shell Script Native Korean and business..."
https://kr.indeed.com/viewjob?jk=8783f7aed2707754,프론트앤드 개발,Nexon 성남 분당구,,"UX에 대한 지속적인 관심 - 더 나은 코드를 위해 노력하시는 분 - Spring, Node.js, Python 등 한 가지 이상의 백엔드 기술에 대한 이해 - TypeScript 경험자 우대 - 프로젝트 설정부터..."
https://kr.indeed.com/viewjob?jk=f3941bfd529b9a5b,Senior Analytics Consultant,Experian 서울,,commercial benefits. Excellent programing skills in R/ Python. Experience of client engagements from analytics platform...
https://kr.indeed.com/viewjob?jk=d14b8e0abce71268,Software Engineer II (Embedded/ Numerica...,BOEING 서울,,"than 1+ software languages (e.g. embedded C or C++, Java, Python, Java script, model based engineering and so on) English..."
https://kr.indeed.com/viewjob?jk=c3fe1cbc5e1ae20b,Technical Support Representative(사원급),IBM 3.9 서울,,"k8s, Cloud, Dev/Ops 등 최신 IT 기술에 대한 학습 및 구현 경험 • Java, Python 등을 활용한 오픈소스 관련 개발 경험 Required Technical and Professional..."
https://kr.indeed.com/viewjob?jk=71c47ac87bb4087e,기술 인턴 인공지능 응용 연구/개발 인턴,써로마인드로보틱스 서울 관악구,,"6개월) (협의) *모집 절차: 서류 à인터뷰(오프라인) *지원 자격: 프로그래밍 언어 활용 능력: Python, C, C++ 중 1가지 이상 데이터구조, 알고리즘 과목 이수 머신러닝과 딥러닝의 기본 개념 이해 머신러닝..."
https://kr.indeed.com/viewjob?jk=74f109233a14e204,Technical Consultant Intern,Amazon Web Services Korea LLC 서울,,Programming in one or more object-oriented languages like Java/ Python/C#/Ruby/Objective C/C++ · Knowledge... primary AWS...
https://kr.indeed.com/viewjob?jk=660dedd14f7cdbeb,[웹젠] 게임보안(경력),웹젠 성남 분당구,,PC/AOS/IOS 어플리케이션 리버싱 가능한 분 - C/C++/ Python/Java 등 개발 능력을 보유한 분 - 암호화 / 네트워크 /DB 등... 리버싱 가능한 분 - C/C++/ Python/Java 등 개발 능력을 보유...
https://kr.indeed.com/viewjob?jk=3b92a246b4535cd9,Senior Support Engineer (APAC),Dataiku 서울,,other database or BI technologies) Hands-on experience with Python... RWorking knowledge of various cloud technologies...
https://kr.indeed.com/viewjob?jk=68486bb7da29a05b,Sr. Application Engineer - HAV,Mentor Graphics (Korea) LLC 4.0 경기도 성남,,"Proficient in scripting languages used today. (e.g., Perl, Python, various shell scripts/Makefiles, XML, JSON, etc.) Good..."
https://kr.indeed.com/viewjob?jk=090f509f2c688949,[신입/정규] 광고솔루션(python),니트머스 서울 명동,"연봉 28,000,000원","명동1가) (명동1가, 보림빌딩 11층) 인근지하철 직무내용 [담당업무] ㆍ온라인 광고 플랫폼 개발 ㆍ Python 기반 프론트엔드/백엔드 서비스 개발 ㆍPHP 기반 웹 서비스 개발 [우대사항] ㆍ정보처리기사 자격증..."
https://kr.indeed.com/viewjob?jk=09880c480e628211,SAP HANA Quality Specialist,SAP 4.3 서울,,"discipline Preferred skills Knowledge of LINUX Knowledge of Python/shell-Scripting, C/C++ Using C++-Debuggers (like GDB..."
https://kr.indeed.com/viewjob?jk=092d1f928ea01785,웹 개발자,온오프링크 고양 일산동구,"월급 2,500,000원","Cross-Browsing - 프레임워크 개발 경험 * Back-end 개발자 - Java, php, python 등 - Linux - REST API 활용 경험자 - CDN 연동 경력조건 경력 필요경력 3년 0개월 자격..."
https://kr.indeed.com/viewjob?jk=93823e5091d28ef9,[정규직] AI Data Scientist,SK 씨앤씨 4.0 서울,,"모델 개발/리딩 * Reinforcement, Graph Network 기반 모델 개발 * 분석 Tool( Python, TensorFlow, PyTorch) 활용 역량 1. 채용분야 경력 최소 3년 이상인자 2. 남자는 병역..."
https://kr.indeed.com/viewjob?jk=69f4620cb92eaa59,Intern - Research (Data Analysis),United Nations ESCAP 대전,,"analysis tools or programming languages (e.g. STATA, R, Python, etc... data visualization software (e.g. Tableau..."
https://kr.indeed.com/viewjob?jk=69cc039b336a7d1a,Deep Learning Engineer - Intel Contract,Intel 4.1 서울,,"PyTorch, and Caffe - Strong programming skills with C/C++ and Python - Experiences in programming and testing on Linux..."
https://kr.indeed.com/viewjob?jk=7cb5c3076d1701db,"Field Applications Engineer, Audio",Dolby 서울,,"High level or detailed knowledge of SOC design. C/C++, python coding skills. Knowledge of music, audio/video production..."
https://kr.indeed.com/viewjob?jk=1996e62879fc3501,"인사,총무/웹디자인/디지털마케팅/인공지능SW개발/인공지능 데이터기획",닥터송 서울 강서구,,그래머>웹개발|인터넷·IT·통신·모바일·게임>웹프로그래머>PHP |인터넷·IT·통신·모바일·게임>웹프로그래머> Python|인터넷·IT·통신·모바일·게임>소프트웨어·하드웨어>소프트웨어|인터넷·IT·통신·모바일·게임>데이터베이스...
https://kr.indeed.com/viewjob?jk=b574f1454ae36aab,Cross Border Ecommerce - Business Intell...,Shopee 서울,,business analyst related roles Proficient in SQL and Python Strong analytical skill and sensitivity to data Strong oral...
https://kr.indeed.com/viewjob?jk=370ebca96fcaf597,"[내일애-2차 청년스타트업] (주)퍼스팩티브 데이터분석, 마케팅, 경영기...",퍼스팩티브 서울 마포구,,"데이터 기획/분석 업무 관련 경력 3년 이상 - 컴퓨터공학 전공자(학사 이상) 우대 - SQL 상급, Python 중급 역량 우대 - AWS 환경에서의 업무 경험 우대 [디지털마케터] - 신입 가능 - 콘텐츠 제작 툴(포토샵..."
https://kr.indeed.com/viewjob?jk=06ed270c8833696e,[전문연구요원] 데이터 인프라 개발자(신입/경력),웹젠 성남 분당구,,과정 수료자 포함 ) 로서 전문연구요원 신규편입 / 전직 대상인 분 - Python 또는 C# 프로그래밍 능력 - Linux 환경에서 개발 및 운영... 신규편입 / 전직 대상인 분 - Python 또는 C# 프로그래밍 능력...
https://kr.indeed.com/viewjob?jk=331cbcaee55a9723,"비전센싱 AI 연구원, VR/MR 개발자 외 경력 정규직",고큐바테크놀로지 성남 수정구,"연봉 40,000,000원 - 50,000,000원","이터, 머신러닝 기술 관련 이해 ㆍ Python, OpenCV 활용자 ㆍ어느... 퓨터활용능력 우수 ㆍ인공지능, 빅데이터, 머신러닝 기술 관련 이해 ㆍ Python, OpenCV 활용자ㆍ어느 언어이든 빠른 습득과 적용자 - VR/MR..."
https://kr.indeed.com/viewjob?jk=3320fb43584e636f,빅데이터시스템 운영 엔지니어,케이티넥스알 서울 서초구,,"eco 활용 경험자• Hive, Hbase, Spark 활용 경험자• 프로그래밍 개발 경험 (Java, Python 등)• Technical architect 수행 경력 0 명 근무조건근무지 : 서울 서초구 효령로 176..."
https://kr.indeed.com/viewjob?jk=56ae562b9563988d,Cognitive and AI Engineer,IBM 3.9 서울,,"data science skills : Machine Learning, Deep Learning, Watson, Python, R, Spark Web application development skills Required..."
https://kr.indeed.com/viewjob?jk=f9724dd3175446f1,Knowledge AI Research 모집,엔씨소프트 2.7 성남 판교역,,하는 능력 B. 기술 탐색 및 문제해결능력 C. 기반기술에 대한 개발 능력( R/ Python/Java ) 우대사항 1. Python 개발역량 보유 2. 다양한 DB로 부터의 데이터 핸들링 경험 3. AI기술 실제 서비스...
https://kr.indeed.com/viewjob?jk=0a8de9d8ee100dc8,1월 입사 - 근무 : 종각역 - S/W개발 정규직,제스웨어 서울 종로구,,자바스크립트|인터넷·IT·통신·모바일·게임>응용프로그래머>API|인터넷·IT·통신·모바일·게임>응용프로그래머> Python|인터넷·IT·통신·모바일·게임>웹프로그래머>백엔드|인터넷·IT·통신·모바일·게임>웹프로그래머>프론트엔드...
https://kr.indeed.com/viewjob?jk=0485e434e6335e2e,초지향 스피커용 신호처리 알고리즘(신입 및 경력) 개발자,제이디솔루션 서울 금천구,,전공 또는 신호처리 경험자 - DSP(TI 또는 ADSP) 및 STM32F Series 개발 경험자 - Python / Matlab 등 시뮬레이션 툴 사용 가능자 0 명 근무조건 고용형태: 정규직(수습기간3개월) 급여조건...
https://kr.indeed.com/viewjob?jk=8b18b0012eeaeb31,S/W 개발자 (Back-End),이노씨앤에스 고양 덕양구,,"다면!! 상세 이력서 등록하기 지원양식 커리어 온라인 이력서 직무/산업 직무별(직종) 웹프로그래머웹프로그래머, SQL, Python 응용프로그래머전산전공, Linux 산업별(업종) 컴퓨터.하드웨어.주변기기 장비구축, 하드웨어"
https://kr.indeed.com/viewjob?jk=57bf800854f08497,[재직자주목] 중소기업 재직자 디지털 전환(DT) 인재양성 교육,재단법인 서울산업진흥원 서울 마포구,,통신·모바일·게임>응용프로그래머> Python|인터넷·IT·통신·모바일·게임>웹프로그래머> Python|인터넷·IT·통신·모바일·게임>웹프로그래머>웹개발|인터넷·IT·통신·모바일·게임>빅데이터·AI(인공지능)> Python|인터넷...
https://kr.indeed.com/viewjob?jk=1502306577f8b10a,"Solutions Architect, Manufacturing Speci...",Amazon Web Services Korea LLC 서울,,"getting hands dirty with code/scripting (e.g., Java, Python, C# / .NET, Node.js). · Business level English for both written..."
https://kr.indeed.com/viewjob?jk=98016b1f71bc2728,[신입/경력] 웹개발자,IT7 서울 영등포구,"연봉 26,000,000원 - 28,000,000원","통이 원활한 분을 찾습니다. [Back-end Developer] - PHP, JSP, ASP, nodejs, python 등 언어 한가지 로 API 를 구현해본 경험이 필수 조건 입니다. - 표준 SQL 또는 mysql 로..."
https://kr.indeed.com/viewjob?jk=46a84f9756bee779,실시간 금융거래서비스 IT 개발 및 운영,이지스엔터프라이즈 서울 금천구,,"ㆍ서울특별시 ▶ 우대사항 ㆍJAVA, Spring Framework, oracle 유경험자 ㆍLinux, Python, Github, Open API 유경험자 ▶ 모집인원 ㆍ IT개발(경력)1명 ㆍ IT개발(신입)1명 인터넷..."
https://kr.indeed.com/viewjob?jk=6ff3488d913b3389,Senior Data Warehouse Consultant,Amazon Web Services Korea LLC 서울,,"bash, perl or python) ability · Ability... 평가 경험 · SQL 및 핸즈온 스크립팅 (bash, perl 또는 python) 경험 · 고객 / 파트너 팀과 관련된 업무를 주도 할 수있는 능력..."
https://kr.indeed.com/viewjob?jk=9ce9c51d3d8d1dde,"데이터 분석 솔루션 기반 웹프로그래머(Java, JSP, Python,...",비즈플러그 서울 송파구,"연봉 24,000,000원 - 26,000,000원","로벌 솔루션 기반의 데이터분석 전문회사로서 관련하여 신입직원을 모집합니다. 관련하여, Java, JSP, R, Python, 각종 DB 가능자를 우대합니다. 데이터분석 BI 솔루션인 Amplix BI와 MPP기반 인메모리DB..."
https://kr.indeed.com/viewjob?jk=f1ae54e41217f7a9,[자바 강사] 자바(JAVA) 개발자 양성 취업과정 훈련교사,TIS정보기술교육센터 서울 영등포구,,인터넷·IT·통신·모바일·게임>응용프로그래머>인공지능(AI)|인터넷·IT·통신·모바일·게임>응용프로그래머> Python|교육·교사·강사·교직원>IT·문화·직업강사>인터넷·IT전문|교육·교사·강사·교직원>IT·문화·직업강사>직업...
https://kr.indeed.com/viewjob?jk=31c8ae4a133b5147,SW(모바일앱 및 웹개발) 신입/경력 정규직 개발자,더조인 서울 강남구,,통신·모바일·게임>응용프로그래머>Android|인터넷·IT·통신·모바일·게임>응용프로그래머>iOS|인터넷·IT·통신·모바일·게임>응용프로그래머>인공지능(AI)|인터넷·IT·통신·모바일·게임>응용프로그래머> Python
https://kr.indeed.com/viewjob?jk=ef7a74269d5cddd6,Sales Operations Specialist,3M 4.0 서울,,"Experience using Data and business intelligence Tool... Python, Power BI, etc. Proficiency in MS Office (advanced Excel..."
https://kr.indeed.com/viewjob?jk=419692b3ddb34768,Analytics Specialist,MightyHive 서울,,"end languages ( Python, NodeJS, PHP, etc... HTML5 / CSS / JavaScript, 기타 프론트 엔드 언어 ( Python, NodeJS, PHP 등) 등 읽고 쓰는 능력 기본 혜택..."
https://kr.indeed.com/viewjob?jk=3503d0387e126788,무료로 교육 받는 IT 취업연계 교육생,휴먼교육센터 서울 강남구,,UI 개발자 데이터베이스 개발자 AI활용 소프트웨어 개발자 JAVA& Python개발자 접수방법 및 접수기간 접수기간 : 2021년 04월 30일까지... 게임>빅데이터·AI(인공지능)> Python|인터넷·IT·통신·모바일·게임...
https://kr.indeed.com/viewjob?jk=e8a4630bec0783e8,2021 Market Data Analyst - Seoul,Bloomberg 서울,,"work experience using one more programming language... Python, SQL and R Fluency in Korean and English (both spoken..."
https://kr.indeed.com/viewjob?jk=14ed8097b3b4d463,[TGD] Data Scientist 모집,엔씨소프트 2.7 성남 판교역,,"지원자격 학력 : 무관 경력기간 : 3년 ~ 10년 필수조건 DB 성능까지 고려한 SQL 프로그래밍 가능자 Python을 이용한 데이터 분석 3년 이상 경력자 (SAS, SPSS 등 통계툴만 사용 가능한 경우 제외) 대용량..."
https://kr.indeed.com/viewjob?jk=1806287902a1a36e,[데이터센터] (경력/신입) 카카오 데이터센터 Data Scientist...,카카오 4.0 성남 판교역,,"않고, 기술이 비즈니스 가치로 변모할 수 있는 그 가능성에 집중합니다. 지원자격 필수사항 Go, Python, Scala, Java, C/C++ 중 하나 이상의 언어에 능숙하신 분 SQL 또는 HiveQL에 능숙하신..."
https://kr.indeed.com/viewjob?jk=1d89fe4b37ab05ed,"데이터마이닝, 빅데이터 큐레이터 외 신입/경력 정규직",에임즈인터내셔널코리아 서울 강남구,,"있거나 이에 준하는 실질적인 기술 경력 -데이터를 다루기 위한 Python 혹은 R 등의 프로그래밍 능력 -SQL의 사용 능력 -데이터를 다루기 위한 Python, R, Java 중 1개의 프로그래밍 능력 -대용량 데이터..."
https://kr.indeed.com/viewjob?jk=7dfe85a98f778519,데이터 엔지니어/사이언티스트 (경력) - 오전 10시~오후6시,이도플래닝 서울 서초구,,"지원자격 경력 신입·경력 학력 대학졸업(2,3년) 성별 무관 기타 담당업무 Python을 통한 데이터 분석, 서비스 주요 지표 분석 및 모니터링/설정, API 데이터 취합 및 값 산출, 다양한 데이터 분석 및 필요 알고리즘..."
https://kr.indeed.com/viewjob?jk=b7088eef97d23956,Android Framework Engineer,리얼텍세미콘덕터코페레이션코리아오피스 서울 강남구,,"solving skills - Better having experience with make file, Python - Good communicate with Headquarter and relative branch..."
https://kr.indeed.com/viewjob?jk=4207c3ceb2dad58c,[EY한영] 금융감사본부 Data Analytics 전문 경력직 모집,EY 4.0 대한민국,,총계정원장조정 경험자 - Python/R 등 프로그램 언어 활용 능력... PowerBI... Tableau Experience with Python/ R or other programming languages...
https://kr.indeed.com/viewjob?jk=153437d6c86c2b1c,푸른 섬 제주에서 데이터 바다 탐험할 새 팀원,플렉싱크 제주 제주시,"연봉 30,000,000원 - 32,000,000원","담당업무 ㆍ데이터 애널리스트 - 데이터 분석 및 머신러닝 - 빅데이터 비즈니스 모델 개발 지원자격 ㆍR, Python, SQL 등 유경험자 ㆍ데이터 전처리/탐색적 분석, 리포팅 가능자 ㆍ경력 : 대졸 이상, 년수무관, 성별무..."
https://kr.indeed.com/viewjob?jk=e010f7780d479126,검색서비스 서버 개발 신입/경력,포티투마루 서울 관악구,,"성별 : 무관 - 모집인원 : 0명 [기술 지원자격] - Linux 환경 개발 경력 - C/Java/ Python 개발 경력 - 서버 개발/운영 경력 [우대사항] - 자연어처리, 정보검색, 기계학습, 데이터 마이닝..."
https://kr.indeed.com/viewjob?jk=f21889e79ef40569,Sr. Data Architect,Amazon Web Services Korea LLC 서울,,"Java, JavaScript, Python, etc). · Current... 최소 하나 이상의 프로그래밍 언어(Java, JavaScript, Python 등)로 소프트웨어 코드를 개발한 경험 구현 업무 실무 수행 가능..."
https://kr.indeed.com/viewjob?jk=75e64d95c3cb82a4,데이터 분석가 웹프로그래머 python java,메디치소프트 서울 마포구,"연봉 24,000,000원","1 인근지하철 직무내용 1.데이터 분석, 데이터 기획 2.인공지능 딥러닝 처리 및 관련 사용언어 : python 및 java 가능자 사용db : 몽고 db 전공 : 컴퓨터 과학관련자 경력조건 경력 필요경력 2년 0개월..."
https://kr.indeed.com/viewjob?jk=384096274fca9d76,클라우드 보안 서비스 기술 담당자,씨디네트웍스 서울 강남구,,IP 프로토콜 스택 및 OSI 모델의 실제 응용 프로그램에 대한 심층적 인 지식. 강력한 Linux 기술. Python / Shell 프로그래밍을 사용하여 작업을 자동화하고 도구를 개발 가능자 우대사항 영어 / 중국어 우대...
https://kr.indeed.com/viewjob?jk=bb01900aa7b4ab34,Solutions Architect,Amazon Web Services Korea LLC 서울,,"languages... Ruby, Python and Node... 현대 개발 언어에 대한 실무적 지식: 루비 (Ruby), 파이썬 ( Python), Node.js 등 · 개발자 및 IT 운영자 대상의 신기술 전파에..."
https://kr.indeed.com/viewjob?jk=eaee1538d8cc832f,메시지발송 플랫폼 개발자,Nexon 성남 분당구,,"개발 가능하면서 python 개발 경험 소유자(또는 Python 개발 가능... NET 또는 python 개발 경력 5년이상 - 자동화를 위한 스크립트(powershell, bash, python 등) 경험 - Windows..."
https://kr.indeed.com/viewjob?jk=620ad067957fff84,클라우드 엔지니어,고도소프트 서울 구로구,,"새로운 환경을 익히는 것에 즐거움을 느끼시는 분 - DevOps개발자로 성장하고 싶으신 분 우대사항 - Python 개발 경험이 있으신 분 - 대용량 트래픽 및 트래픽 분산 처리 경험이 있으신 분 - Ansible, Chef..."
https://kr.indeed.com/viewjob?jk=d53c1e2dbb7cf02c,Associate Solutions Architect,Amazon Web Services Korea LLC 서울,,"languages... Ruby, Python and Node... 현대 개발 언어에 대한 실무적 지식: 루비 (Ruby), 파이썬 ( Python), Node.js 등 · 개발자 및 IT 운영자 대상의 신기술 전파에..."
https://kr.indeed.com/viewjob?jk=83f36f280c990457,Data Center Operations Engineer,Amzn Corporate Services Korea 서울,,"vendors · Scripting skills - Bash, Python, Perl, etc. · Project coordination... 스크립팅 기술 - Bash, Python, Perl 등 보유자 · 프로젝트..."
https://kr.indeed.com/viewjob?jk=373934bd63f50dfc,[똑똑한개발자] Django 백엔드 개발자,로켓메이커스 서울 마포구,,루트 이력서 기타 유의사항 입사지원서 및 제출서류에 허위사실이 있을 경우 채용이 취소될 수 있습니다. 인터넷·IT·통신·모바일·게임>빅데이터·AI(인공지능)> Python|인터넷·IT·통신·모바일·게임>웹프로그래머>백엔드
https://kr.indeed.com/viewjob?jk=b102b3d8f193a4c1,2021 GEDP (Global Engineering Developmen...,GE Appliances 경기도 성남,,using C programming language Scripting languages like Lua/ Python/JavaScript may also be used if needed Support connected...
https://kr.indeed.com/viewjob?jk=619edbfb9ec3a506,[유망 벤처기업] 데이터사이언티스트,인코리아 프로페셔널 서울 강남구,,통신·모바일·게임>빅데이터·AI(인공지능)>머신러닝|인터넷·IT·통신·모바일·게임>빅데이터·AI(인공지능)> Python|인터넷·IT·통신·모바일·게임>빅데이터·AI(인공지능)>데이터분석|인터넷·IT·통신·모바일·게임>빅데이터...
https://kr.indeed.com/viewjob?jk=32a423ff9935339c,웹 프로그램 개발자 - ITS,삼정 KPMG 3.3 서울 강남구,,"MS-SQL을 활용한 개발 경험 - Power BI, SQL Server Reporting Services, python 등 다양한 개발환경에 관심이 많은 자 - Classic ASP를 활용한 개발 경험 - Gitlab 등의..."
https://kr.indeed.com/viewjob?jk=4c4cadbbd7e9217a,Video Picture Quality algorithm Engineer,리얼텍세미콘덕터코페레이션코리아오피스 서울 강남구,,field - Proficient in algorithm development in C/C++ or python - Experiences in image/video processing or computer vision...
https://kr.indeed.com/viewjob?jk=a0dda478567db352,"(주)트윔 개발자(경력직) 빅데이터,영상처리,머신비전/AI 딥러닝",트윔 경기도 화성,,"자기주도적으로 진행한 경험 - Python/C/C++ 능통자 - 데이터... RNN 등 딥러닝 이론 및 알고리즘 유경험자 - C/C++, Java, Python/TensorFlow/Caffe 사용가능자 - Matlab/R 분석..."
https://kr.indeed.com/viewjob?jk=29ccd8dfe494e5d5,[기술 공채] 시스템 엔지니어링,NHN] [기술 경력공채 4.4 성남 판교역,,"용량 트래픽 처리를 위한 인프라 설계와 구축, 운영 경험 보유 기본적인 운영도구 개발 가능자 *Java, Python, Django 우대사항 웹 서비스 또는 플랫폼 개발 경력 보유자 대규모 Windows Server..."
https://kr.indeed.com/viewjob?jk=59db18a2366b2c92,AI 분야 석/박사,LG CNS 3.7 서울,,"이상 (AI 관련 논문 발표) ② AI/딥러닝 알고리즘 연구개발 프로젝트 경험 ③ Ubuntu Linux, Python, Tensorflow, PyTorch 사용 중상급 이상 우대사항(해당 내용 중 1개 이상) ① AI/머신..."
https://kr.indeed.com/viewjob?jk=e72f3421e3a0e344,경력 있는 로보 콘텐츠 개발자 (정규직),주)씽크풀 서울 영등포구,,모집부문 및 자격요건 담당업무 자격요건 인원 [담당업무] 파이썬( Python) 콘텐츠 알고리즘 개발 [근무부서 및 직급/직책] 근무부서... 게임>빅데이터·AI(인공지능)> Python|인터넷·IT·통신·모바일·게임...
https://kr.indeed.com/viewjob?jk=0a9081244d8d1375,2분기 게임 서버 개발자 채용 (신입/경력),이스트게임즈 서울 서초동,,"프로그래밍 언어로 소프트웨어를 개발한 경험이 있는 분 - * C/C++, C#, JavaScript, Python, Go. -새로운 프로그래밍 언어를 습득하는데 어려움이 없거나 혹은 흥미를 갖고 있는 분 -OS..."
https://kr.indeed.com/viewjob?jk=464ef95516a5fa5c,8퍼센트 경력 개발자,8퍼센트 서울 종로구,,"개발업무 - 금융 서비스 개발 - Python/Django 기반 - 정해진 역할이 아닌 기능에 따른 업무 분배 - 프로트엔드부터 백엔드까지 업무 범위... SQL 기본 - git flow - python, django 경험자 우대"
https://kr.indeed.com/viewjob?jk=9adbc290202846e1,[아이브릭스] 기업부설연구소 전문연구요원,아이브릭스 성남 분당구,,모바일·게임>응용프로그래머>JAVA|인터넷·IT·통신·모바일·게임>응용프로그래머>자바스크립트|인터넷·IT·통신·모바일·게임>빅데이터·AI(인공지능)>머신러닝|인터넷·IT·통신·모바일·게임>빅데이터·AI(인공지능)> Python
https://kr.indeed.com/viewjob?jk=271d3831821d0010,"C언어 개발자, 기술지원 엔지니어",아크데이타 대구 남구,"연봉 26,000,000원 - 30,000,000원",경력 1년↑ 1명- OCP 자격증 보유자 우대- Oracle DBA 경력 보유자- Java / Go / Python 개발 프로젝트 경험자- Kafka 운영 또는 업무 설계 경험자 (또는 Stream관련 project 참여...
https://kr.indeed.com/viewjob?jk=9cf7677fade8a732,"기술연구소 정규직 연력(Java, Python, 기타)및 개발자 (경력1...",파인씨앤아이 서울 송파구,"연봉 50,000,000원 - 55,000,000원","웨어 개발 및 AI, 통계분석I) - 경력 : Java 개발경험 10년이상 -개발언어 : Java, C++, Python, Node 등 상세모집요강 접수기간/방법 지원방법 전형절차 및 제출서류 제출서류 이력서에 응시분야..."
https://kr.indeed.com/viewjob?jk=d7128ab0839ea297,기술연구소 SW개발자,다인테크 서울 성동구,"연봉 28,000,000원 - 45,000,000원","능숙자, C++ 프로그래밍 - RTP/RTSP 네트워크스트리밍, 네트워크보안 - javascript / Python / HTML5 - 서비스 이해 및 설계, 개발 경험자ㅁ 자격요건 : 초대졸이상ㅁ 경력 : 신입·경력ㅁ 우대조..."
https://kr.indeed.com/viewjob?jk=83a736c54d51fb43,"드론솔루션 (아두이노 등 임베디드SW, 드론 ICT, 드론 3D)",탱고드론 성남 분당구,"연봉 25,000,000원 - 30,000,000원","학력사항: 학력무관직무기술: 드론솔루션, 아두이노 등 임베디드SW, Python, 택배드론, 국방드론 무기체계, 드론HW제작, 원격수질측정드론, 화재... 통신·모바일·게임>응용프로그래머> Python|인터넷·IT·통신·모바일·게임..."
https://kr.indeed.com/viewjob?jk=158c45cc5515a90a,[어니컴(주)] 빅데이터 기계학습/파이썬/자바웹 개발자,어니컴 서울 용산구,,Azure와 같은 클라우드 환경에서의 구축 경험 ㆍ Python 활용능력 혹은 Python 기반 프로젝트 수행 경험 ㆍ리눅스(혹은 유닉스) 계열... 구축 경험 ㆍ Python 활용능력 혹은 Python 기반 프로젝트 수행...
https://kr.indeed.com/viewjob?jk=5a40c1062c719241,[(주)케이엠에듀] AI(인공지능) 개발자 및 빅데이터 분석 플랫폼 개발...,케이엠에듀 서울 금천구,,"우대사항 - python,java 등의 프로그래밍 언어 사용능력 -oracle, mySQL, Hadoop, Mongo DB등 Database 관련 업무경험 인터넷·IT·통신·모바일·게임>빅데이터·AI(인공지능)>빅데이터|인터넷..."
https://kr.indeed.com/viewjob?jk=443a1417c362c59e,"파이선, 파이썬(python) 개발자",오토리더 인천 연수구,,직무내용] *자격요건ㆍ학력 : 4년대졸ㆍ경력 : 신입·경력ㆍIT전공자이거나 그에 준하는 경력 보유ㆍ기술스텍이 다소 부족하여도 학습의지가 있는 분 *우대사항ㆍIT관련 전공 또는 관령 자격증ㆍ파이썬 기반의 프로그램 수행ㆍ경력...
https://kr.indeed.com/viewjob?jk=9bb54701619623b2,"특성화고 IT(AI, 웹개발, 콘텐츠기획)",천재교과서 서울 금천구,,모바일·게임>빅데이터·AI(인공지능)>데이터분석|인터넷·IT·통신·모바일·게임>빅데이터·AI(인공지능)> Python|인터넷·IT·통신·모바일·게임>빅데이터·AI(인공지능)>머신러닝|교육·교사·강사·교직원>교육·교재개발>교수설...
https://kr.indeed.com/viewjob?jk=959efa0556f39f20,"2021년도 상반기 정규직(연구, 행정) 공개",한국해양과학기술원 부설 선박해양플랜트연구소 대전 유성구,,모바일·게임>빅데이터·AI(인공지능)>인공지능(AI)|인터넷·IT·통신·모바일·게임>빅데이터·AI(인공지능)> Python|인터넷·IT·통신·모바일·게임>빅데이터·AI(인공지능)>머신러닝|인터넷·IT·통신·모바일·게임>빅데이터...
https://kr.indeed.com/viewjob?jk=3de1f718192b7133,Data Scientist,Boston Consulting Group 4.2 서울,,"analysis a plus, Programming... scripting exp.: eg. Python, C#, VBA, Java, Perl, etc. Experience in applied analytics..."
https://kr.indeed.com/viewjob?jk=ebd02f880d63ef0e,"[펜타시큐리티] 보안S/W 개발 및 기획자 (웹, 인증, 블록체인)",펜타시큐리티시스템 서울 영등포구,,인터넷·IT·통신·모바일·게임>웹프로그래머>JAVA|인터넷·IT·통신·모바일·게임>웹프로그래머> Python|인터넷·IT·통신·모바일·게임>응용프로그래머>C·C++|인터넷·IT·통신·모바일·게임>응용프로그래머>JAVA|인터넷...
https://kr.indeed.com/viewjob?jk=7d155eed9eceae77,[빅데이터 분석] 인턴,레드테이블 서울 종로구,"월급 2,000,000원","음식.관광 분야에 배경지식을 갖추신 분 Python, R, SQL, 통계프로그램... 서서류전형, 면접전형/ 우대사항음식.관광 분야에 배경지식을 갖추신 분 Python, R, SQL, 통계프로그램 등을 활용하여 데이터 정제, 분석, 모델..."
https://kr.indeed.com/viewjob?jk=e9880c25eeeab05a,[메이저글로벌 컨설팅펌] - 금융산업 리스크관리 컨설턴트,yesconsulting 서울,,"경험여신 자동심사, 조기경보, 사후관리 등 여신업무 개선(PI) 및 자동화 컨설팅 경험- SAS, SQL, Python, R 등을 활용한 데이터분석 역량 보유자 우대- 관련 자격증 소지자 (FRM 등) 우대【 전형절차 】서류..."
https://kr.indeed.com/viewjob?jk=bf8b21d14a643975,2021년 고려해운 DT 신입사원,고려해운 서울 중구,,통신·모바일·게임>빅데이터·AI(인공지능)>데이터분석|인터넷·IT·통신·모바일·게임>빅데이터·AI(인공지능)> Python|인터넷·IT·통신·모바일·게임>빅데이터·AI(인공지능)>머신러닝|인터넷·IT·통신·모바일·게임>빅데이터...
https://kr.indeed.com/viewjob?jk=06d3d3da58d5c255,2021년 상반기 인턴연구원 제한경쟁,한국원자력연구원 4.5 대전 유성구,,게임>빅데이터·AI(인공지능)> Python|인터넷·IT·통신·모바일·게임... 베이스·DBA>데이터마이닝|인터넷·IT·통신·모바일·게임>웹프로그래머> Python|인터넷·IT·통신·모바일·게임>웹프로그래머>JAVA|생산·정비·기능...
https://kr.indeed.com/viewjob?jk=5d30d12b06f56d55,통신사프로젝트(SI/PYTHON/6개월/종각역),디와이즈 서울 서대문구,,"스킬: Python,분석설계 가능하신분 주식회사 디와이즈 [통신사 Python 개발자 모집] 모집부문 및 자격요건 모집부문 담당업무 및 자격요건 인원 통신사 PYthon 유지보수 [담당업무] · 통신사 Python 개발..."
https://kr.indeed.com/viewjob?jk=68816ff0fb2a90dd,2021년 5월 첨단소재사업본부 신입사원 수시,LG화학 익산 익산시,,"공장 예지 보전 시스템 개발 - 검사 설비 자동화 및 고도화 ※우대사항 : 프로그래밍 언어 능통자(C++, Python 등) 고객 가치 제고 활동 지원 - 본부/사업부 고객가치 협의회 참여 및 지원 - 핵심 개선 과제 관리..."
https://kr.indeed.com/viewjob?jk=8b679feee743daca,텔코웨어(주) S/W개발 정규직 전환형 신입 인턴,텔코웨어 서울 서초구,,"졸업자 ㆍ컴퓨터, 정보통신공학 관련 전공자 ㆍUnix(Linux)환경에서 개발 가능한 자 ㆍC, C++, Python, Golang등 하나 이상의 프로그래밍 이해자 ㆍ전 학년 평균 B학점 이상인 자 ㆍ인턴 종료 후 신입사원으..."
https://kr.indeed.com/viewjob?jk=f95c15f488ce8463,"웹 프론트엔드 개발자(HTML, CSS, Java 등)",한국인사이트연구소 서울 서초구,,"javascript - Python 기본 문법 우대사항 - git 협력... 프론트엔드 개발자격조건: - HTML, CSS- javascript- Python 기본 문법우대사항- git 협력 가능- Django 프로젝트 구조..."
https://kr.indeed.com/viewjob?jk=e0736b3f9dd7787a,2021년 제4차 직원 공개경쟁,한국탄소산업진흥원 전주 덕진구,,게임>빅데이터·AI(인공지능)> Python|인터넷·IT·통신·모바일·게임... 로그래머>머신러닝(ML)|인터넷·IT·통신·모바일·게임>응용프로그래머> Python|인터넷·IT·통신·모바일·게임>응용프로그래머>인공지능(AI)|인터넷...
https://kr.indeed.com/viewjob?jk=d3ac335d6e4ac178,연구소 개발부문 연구원 직원 (회로설계/하드웨어설계/머신비전/이미지프로세...,모든 경기도 광명,"연봉 42,000,000원 - 46,000,000원","프로그래밍 가능자 우대S/W 설계 부문 : - OPEN CV, TENSORFLOW, YOLO, CUDA/ Python, C++, C WindowsGUL APL, MFC Lib 활용 가능자. 머신비전/ 영상처리 개발자* 전기..."
https://kr.indeed.com/viewjob?jk=e22266a05e04ebc9,[전액무료] 빅데이터·인공지능 기반 디지털 전략전문가 양성과정,휴넷 서울 구로구,,통신·모바일·게임>빅데이터·AI(인공지능)>데이터분석|인터넷·IT·통신·모바일·게임>빅데이터·AI(인공지능)> Python|인터넷·IT·통신·모바일·게임>빅데이터·AI(인공지능)>머신러닝|인터넷·IT·통신·모바일·게임>빅데이터...
https://kr.indeed.com/viewjob?jk=14d562d10c215572,"PHP, Python 신입/경력 정규직",비즈부스터 서울 금천구,,"주식회사 비즈부스터 PHP, Python 개발자 채용 모집부문 및 자격요건 담당업무 자격요건 인원 [담당업무]*당사의 서비스(비즈탑) 솔루션 및 서비... 프로그래머>PHP |인터넷·IT·통신·모바일·게임>웹프로그래머> Python"
https://kr.indeed.com/viewjob?jk=6084c350a85a4e58,Industrial Engineer - Korea,BOEING 부산,,"region. Proficiency in programming languages (ie. SQL, Python) Experience programming in Tableau or other data..."
https://kr.indeed.com/viewjob?jk=e98ac887eb0188ce,[한양대 에리카]기업부설연구소 연구원(신입/경력/인턴),워너버스이노베이션 안산 상록구,,NET|인터넷·IT·통신·모바일·게임>응용프로그래머>C#|인터넷·IT·통신·모바일·게임>응용프로그래머> Python|인터넷·IT·통신·모바일·게임>응용프로그래머>인공지능(AI)|인터넷·IT·통신·모바일·게임>응용프로그래머...
https://kr.indeed.com/viewjob?jk=4a70568074a1695a,Data Engineer - IBM Garage,IBM 3.9 서울,,"Competitive products Deep skills on Data Warehouse, ETL, Python, Java and related algorithms. Expert Level – SQL, NoSQL..."
https://kr.indeed.com/viewjob?jk=add880a19f345249,"Customer Engineer, Machine Learning, Goo...",Google 4.3 서울,,"Caffe, as well as numerical programming frameworks... Python or MATLAB. Preferred qualifications: Master's degree..."
https://kr.indeed.com/viewjob?jk=0bd906d78c95d65e,2021년도 상반기 비정규직 공개 문,한국해양과학기술원 부설 선박해양플랜트연구소 대전 유성구,,게임>빅데이터·AI(인공지능)> Python|인터넷·IT·통신·모바일·게임... 그래머>인공지능(AI)|인터넷·IT·통신·모바일·게임>응용프로그래머> Python|인터넷·IT·통신·모바일·게임>네트워크·서버·보안>UNIX·LINUX...
https://kr.indeed.com/viewjob?jk=af8d997045710a86,세종) Python 프로그래밍 coding 전문가,신나게달리는자전거 세종특별자치시,"월급 2,500,000원","기술ㆍ알고리즘 고도화자격요건ㆍ Python 프로그래밍 가능ㆍPyTorch... 근무경험, 해당직무 인턴경력ㆍ Python 프로그래밍 고급ㆍNumpy, Pandas, Dlib, OpenCV(for Python) 관련 경험ㆍJulia..."
https://kr.indeed.com/viewjob?jk=7f48c805fee2a1a3,2021년 아자스쿨 정규직 전환형 인턴 채용,아자스쿨 서울 마포구,,ㆍ원활한 커뮤니케이션 능력 보유자 O 플랫폼 시스템 개발 - 담당업무 ㆍGoogle Cloud ㆍ Python + Django기반 백앤드 수정/개발 ㆍDjango REST framework ㆍPostgreSQL...
https://kr.indeed.com/viewjob?jk=7f7d386bdc47f18e,2021년 상반기 공개 [정규직/ 무기계약직/ 비정규직/ 중형선박설계사업...,한국해양과학기술원 부설 선박해양플랜트연구소 대전 유성구,,모바일·게임>빅데이터·AI(인공지능)>인공지능(AI)|인터넷·IT·통신·모바일·게임>빅데이터·AI(인공지능)> Python|인터넷·IT·통신·모바일·게임>빅데이터·AI(인공지능)>로봇모션|인터넷·IT·통신·모바일·게임>빅데이터...
https://kr.indeed.com/viewjob?jk=e7c8c2b11f24fb43,Software Engineer,Google 4.3 서울,,"languages, including... limited to: C++, Java, C and Python. Excellent written and verbal communication skills. About..."
https://kr.indeed.com/viewjob?jk=2bc89fb4b05a2c88,[특허톤 참가자격/관련분야 취업연계] 2021년 빅데이터 전문가 양성과정...,한국여성과학기술인지원센터 서울 서대문구,,통신·모바일·게임>웹프로그래머> Python|인터넷·IT·통신·모바일·게임... 데이터분석|인터넷·IT·통신·모바일·게임>빅데이터·AI(인공지능)> Python|인터넷·IT·통신·모바일·게임>빅데이터·AI(인공지능)>머신러닝|인터넷...
https://kr.indeed.com/viewjob?jk=0c4a502533e74aac,"Research Intern, 2021",Google 4.3 서울,,"Algorithmic Foundations of Optimization. Experience with Python, C++ and other general purpose program languages. Preferred..."
https://kr.indeed.com/viewjob?jk=bbda441be340a43b,(주)엘솔루 웹 프로그래머,㈜엘솔루 서울,,그래머>웹개발|인터넷·IT·통신·모바일·게임>웹프로그래머>JAVA|인터넷·IT·통신·모바일·게임>웹프로그래머> Python|경영·인사·총무·사무>경영·기획·전략>경영기획|경영·인사·총무·사무>경영·기획·전략>사업기획|경영·인사...
https://kr.indeed.com/viewjob?jk=809ed76ae2758581,웹솔루션 개발 사원 (JAVA/Python),대연씨앤아이 서울 구로구,,"사원 채용 (JAVA/ Python) 모집부문 및 자격요건 담당업무 자격요건 인원 웹솔루션 개발자 채용 (JAVA/ Python)[담당업무]ㆍ태양광 발전... javascript, jquery), Python 언어 사용 가능한 Web..."
https://kr.indeed.com/viewjob?jk=508965e7a92b2383,2021 카카오 추천팀 여름 인턴 모집 (분석),카카오 4.0 성남 판교역,,"적어도 하나 이상의 능숙한 프로그래밍 언어가 있으신 분이면 지원 가능합니다. 추천팀 분석 업무에는 SQL, Python 프로그래밍 언어를 주로 사용합니다. 학력 및 전공 제한 없이 지원이 가능합니다. 선발되신 분들은 인턴십..."
https://kr.indeed.com/viewjob?jk=4bd70fb8a220d90d,[Janssen] Data Scientist,Johnson & Johnson Family of Companies 4.2 서울,,"Expertise in one or more programming languages... R, Python or SAS. 7. Knowledge of relational database architecture..."
https://kr.indeed.com/viewjob?jk=fc6317c643204ee2,[무료교육/취업코칭] 데이터 분석 프로젝트 과정 교육생 (2021년 혁신...,SK플래닛 Tacademy 성남 분당구,,통신·모바일·게임>빅데이터·AI(인공지능)>데이터분석|인터넷·IT·통신·모바일·게임>빅데이터·AI(인공지능)> Python|인터넷·IT·통신·모바일·게임>빅데이터·AI(인공지능)>머신러닝|인터넷·IT·통신·모바일·게임>빅데이터...
https://kr.indeed.com/viewjob?jk=2e274d8c121c2d25,2021년 5월 첨단소재사업본부 R&D 신입사원 수시 (석사),LG화학 서울 강서구,,"공장 예지 보전 시스템 개발 - 검사 설비 자동화 및 고도화 ※우대사항 : 프로그래밍 언어 능통자(C++, Python 등) 1) 석사 학위자 또는 학위 취득 예정자 (’21년 7월 1일 입사 가능한 자) 2) 해외여행에 결격..."
https://kr.indeed.com/viewjob?jk=9a818d9d91db847d,Data Analytics SA,Amazon Web Services Korea LLC 서울,,"some relevant languages, tools and frameworks (e.g python, Java, R, scala, spark, Kafka, Hadoop ecosystem, presto, Hive..."
https://kr.indeed.com/viewjob?jk=6ac83986c1779aee,프로그래머 (어플리케이션 개발자 또는 웹개발자),오너클랜 서울 금천구,,인터넷·IT·통신·모바일·게임>응용프로그래머>자바스크립트|인터넷·IT·통신·모바일·게임>응용프로그래머> Python|인터넷·IT·통신·모바일·게임>응용프로그래머>C#|인터넷·IT·통신·모바일·게임>웹프로그래머>웹개발|인터넷...
https://kr.indeed.com/viewjob?jk=0620719cddd53f64,(주)엘솔루 음성인식팀 개발직,㈜엘솔루 서울,,인터넷·IT·통신·모바일·게임>응용프로그래머>머신러닝(ML)|인터넷·IT·통신·모바일·게임>응용프로그래머> Python|무역·영업·판매·매장관리>기술영업>SI(Solution·System)|무역·영업·판매·매장관리>기술영업...
https://kr.indeed.com/viewjob?jk=dfb20fa220f3c478,"빅데이터, 인공지능(AI) 외 신입/경력 인턴",스칼라웍스 대한민국,,인공지능)>인공지능(AI)|인터넷·IT·통신·모바일·게임>빅데이터·AI(인공지능)>데이터분석|인터넷·IT·통신·모바일·게임>빅데이터·AI(인공지능)> Python|인터넷·IT·통신·모바일·게임>빅데이터·AI(인공지능)>딥러닝
https://kr.indeed.com/viewjob?jk=53d035b63cdf5e4f,로봇사업담당 경력직,LG전자 3.8 서울 강서구,,"관련 학과 석사 이상 - Linux 기반 C, C++ service application 개발 역량 - Python 프로그래밍 역량 - Robot SLAM 개발 경험 보유 2. 직급 및 경력 기간 : 선임~책임급 (총 경력..."
https://kr.indeed.com/viewjob?jk=51dc8257b240f87a,딥러닝 MLOps 백엔드 개발자,써로마인드로보틱스 서울 관악구,"연봉 40,000,000원 - 50,000,000원",통신·모바일·게임>응용프로그래머> Python|인터넷·IT·통신·모바일·게임>빅데이터·AI(인공지능)>인공지능(AI)|인터넷·IT·통신·모바일·게임>빅데이터·AI(인공지능)> Python|인터넷·IT·통신·모바일·게임>빅데이터...
https://kr.indeed.com/viewjob?jk=216320955c1dbb96,2021 카카오 추천팀 여름 인턴 모집 (개발),카카오 4.0 성남 판교역,,"지원자격 적어도 하나 이상의 능숙한 프로그래밍 언어가 있으신 분이면 지원 가능합니다. 추천팀 업무에는 Python, C++ 프로그래밍 언어를 주로 사용합니다. 학력 및 전공 제한 없이 지원이 가능합니다. 선발되신 분들은..."
https://kr.indeed.com/viewjob?jk=c74d035d6cb58996,Vocational Training Student/Apprentice (...,SAP 4.3 서울,,even under challenging conditions Programming languages: Python Intermediate communication skills in English Preferred...
https://kr.indeed.com/viewjob?jk=8dd03519f5491b40,[정규직] 프로그래머,플랙토리 서울 중구,,"데이터분석[지원자격] -공장제어 및 무선분야에 관심이 많은 자리눅스 운영체계에서 C, C++, Java, Python 등 두 가지 이상 언어로 프로그래밍 가능자MS Word, PPT, 한글 워드 편집가능자해외여행에 결격사유가..."
https://kr.indeed.com/viewjob?jk=61de44a2ade660a0,정보보호 컨설팅 전문가 양성 과정,한국정보보호산업협회 서울,,로그래머>백엔드|인터넷·IT·통신·모바일·게임>웹프로그래머>프론트엔드|인터넷·IT·통신·모바일·게임>웹프로그래머> Python|인터넷·IT·통신·모바일·게임>웹프로그래머>ASP.NET|인터넷·IT·통신·모바일·게임>웹프로그래머...
https://kr.indeed.com/viewjob?jk=030ee6f53d98ca16,"2021년 상반기 인턴연구원, 기간제근로자 장애인 제한경쟁",한국원자력연구원 4.5 대전 유성구,,게임>빅데이터·AI(인공지능)> Python|인터넷·IT·통신·모바일·게임... 케팅·PM>통계·로그분석|인터넷·IT·통신·모바일·게임>웹프로그래머> Python|인터넷·IT·통신·모바일·게임>웹프로그래머>JAVA|인터넷·IT·통신...
https://kr.indeed.com/viewjob?jk=37d376a03259d4bf,"웹개발, Python 외 경력 정규직",헬스브리즈 서울 금천구,"연봉 35,000,000원 - 50,000,000원","어감. (주)헬스브리즈 웹개발, Python 외 경력 정규직 채용 모집부문... 웹개발자기타: 개발도구- Python을 주로 활용하여 Microservice Architecture를 구축- Python 이외 .NET 을 이용한..."
https://kr.indeed.com/viewjob?jk=3cb6d7a86f9740a8,Vocational Training Student/Apprentice (...,SAP 4.3 서울,,"conditions Programming languages: C or C++ expertise, SQL, Python Intermediate communication skills in English Preferred..."
https://kr.indeed.com/viewjob?jk=f646e85ff3e17ed8,Data Scientist - IBM Garage,IBM 3.9 서울,,"programming languages to derive meaningful data insights (e.g., Python, R, Spark, TensorFlow, Jupyter, etc.) * Possess..."
https://kr.indeed.com/viewjob?jk=106e430c9390e375,"각 부문별(디지털, 글로벌AE, 브랜드PR, 제작관리) 경력사원",지투알 서울,,"Analytics) 경험자 - Python, R, SQL 역량 보유자... 우대사항 - 영어 가능자 우대 - 책임급 : R, Python 활용 가능자 - 선임급 : R, Python, 또는 텍스트 분석 프로그램 활용 기술..."
https://kr.indeed.com/viewjob?jk=70e41338b8e01711,도헌디지털의료혁신연구소 채용 공고,한림대학교성심병원 대한민국,,"활용한 분석코드 작성 클라우드 플랫폼 활용 관련업무 학사이상 학위 취득자 NoSQL, Oracle, R, Python 가능자 우대 Common Data Model 경험자 우대 서버관리/정보보안, 텍스트마이닝 경험자 우대..."
https://kr.indeed.com/viewjob?jk=b621e8783c52c14d,"빅데이터, 인공지능(AI) 외 신입/경력 정규직",에스알유니버스 서울 마포구,"연봉 21,870,000원 - 25,000,000원","력사항: 신입, 경력(연차무관)학력사항: 대학(2,3년)졸업직무기술: Python, openCV, 머신러닝/딥러닝, 개발자, 어플리케이션개발, 빅데이... 무관 (신입도 지원 가능) 1. python 중상, 인터넷·IT·통신·모바..."
https://kr.indeed.com/viewjob?jk=08fbc3e510fbe320,"산업용 비전 처리 S/W 개발, AI 가속기 처리 S/W 개발 경력사원",여의시스템 성남 중원구,,모바일·게임>응용프로그래머>Visual C++(MFC·ATL)|인터넷·IT·통신·모바일·게임>응용프로그래머> Python|인터넷·IT·통신·모바일·게임>응용프로그래머>인공지능(AI)|인터넷·IT·통신·모바일·게임>빅데이터·AI...
https://kr.indeed.com/viewjob?jk=2600928767acb58d,딥러닝 MLOps 프론트엔드 개발자,써로마인드로보틱스 서울 관악구,"연봉 40,000,000원 - 50,000,000원",통신·모바일·게임>응용프로그래머> Python|인터넷·IT·통신·모바일·게임>빅데이터·AI(인공지능)>인공지능(AI)|인터넷·IT·통신·모바일·게임>빅데이터·AI(인공지능)> Python|인터넷·IT·통신·모바일·게임>빅데이터...
https://kr.indeed.com/viewjob?jk=6985dbbbf83fb8c2,RPA Developer ( 1 year contract),UiPath 서울,,"object-oriented programming (C#, C++, VB, .NET, Java, or Python preferred). Those with more experience may be considered..."
https://kr.indeed.com/viewjob?jk=19302b8f7d45fbac,[기술 공채] 클라우드 인프라 서비스,NHN] [기술 경력공채 4.4 성남 판교역,,우대사항 NHN Cloud에서 제공하는 다양한 인프라 서비스 개발 - C/C++ 또는 Java/ Python 개발 경력 5년 이상 - Linux 환경 개발자 - Openstack 개발 경험 - Container...
https://kr.indeed.com/viewjob?jk=d31ab9cefeeef71b,[최고인기과정] 게임 각 분야 국비지원 교육 참여자,SGA 서울게임아카데미 서울 종로구,,백엔드|인터넷·IT·통신·모바일·게임>웹프로그래머>프론트엔드|인터넷·IT·통신·모바일·게임>웹프로그래머> Python|인터넷·IT·통신·모바일·게임>응용프로그래머>C·C++|인터넷·IT·통신·모바일·게임>응용프로그래머>JAVA...
https://kr.indeed.com/viewjob?jk=be95b5718905880f,AI/빅데이터/클라우드 분야 (인재 Pool),LG유플러스 3.8 서울,,"의미한 인사이트 발굴 - R, Python, SQL 등 Statistics... 등)의 다양한 솔루션을 활용하여 서비스 개발 경험자 2) Java, Python 등 프로그래밍 개발 경험 보유자 3) Container 기반 서비스..."
https://kr.indeed.com/viewjob?jk=ffe6ea49b31384fa,혁신성장 청년인재 집중양성 인공지능 창의융합형 인재 양성과정,에프앤이노에듀 서울,,게임>웹프로그래머>백엔드|인터넷·IT·통신·모바일·게임>웹프로그래머> Python|인터넷·IT·통신·모바일·게임>응용프로그래머>C#|인터넷·IT·통신... 게임>빅데이터·AI(인공지능)> Python|인터넷·IT·통신·모바일·게임...
https://kr.indeed.com/viewjob?jk=9acc17c535b42959,2021년 (신입) 전문연구요원 모집,NHN 4.4 성남 판교역,,"병역특례 전문연구요원 - Python/C++/Java/C# 개발 경험... 유연한 사고와 원활한 커뮤니케이션 능력 우대 - C/C++, Python 등 개발 숙련자 우대 공통지원자격(필수) - 해당 분야 석사 이상..."
https://kr.indeed.com/viewjob?jk=7e7a416782e54184,(주)엘솔루 웹 개발자,㈜엘솔루 서울,,Stack 개발 유경험자. Javascript / React / Python / NodeJS 개발 유경험자 Node.js 개발 유경험자 HTML 5... ㆍJavascript / React / Python / 인터넷·IT·통신...
https://kr.indeed.com/viewjob?jk=aac8e9355cb855ac,[인재풀] 아티스트,Electronic Arts 서울,,Maya or 3D Max등의 아트웍 툴 사용 경험 Max script 또는 Mel Script의 사용 경험 C# 또는 Python 언어에 대한 이해 및 활용 능력 아트웍 관련 툴 제작 또는 플러그인 제작 경험
https://kr.indeed.com/viewjob?jk=06ed270c8833696e,[전문연구요원] 데이터 인프라 개발자(신입/경력),웹젠 성남 분당구,,과정 수료자 포함 ) 로서 전문연구요원 신규편입 / 전직 대상인 분 - Python 또는 C# 프로그래밍 능력 - Linux 환경에서 개발 및 운영... 신규편입 / 전직 대상인 분 - Python 또는 C# 프로그래밍 능력...
https://kr.indeed.com/viewjob?jk=bff8e2af7aae244a,[교보라이프플래닛생명] 데이터분석 및 신규프로젝트 관리 부문,교보라이프플래닛생명보험 서울 영등포구,,년 이상인 자○ 통계/데이터분석 프로그램 활용 능력 보유자(R 또는 Python 등) 0 명 근무조건 고용형태: 정규직(수습기간3개월)급여조건: 연봉... 게임>빅데이터·AI(인공지능)> Python|인터넷·IT·통신·모바일·게임...
https://kr.indeed.com/viewjob?jk=a8d827a04bed1cc1,[경력] PROGRAMMER(버추얼프로덕션)/CJ ENM 엔터테인먼트부문,CJ ENM 서울 마포구,,인터넷·IT·통신·모바일·게임>응용프로그래머>C·C++|인터넷·IT·통신·모바일·게임>응용프로그래머> Python|디자인>광고·CG·시각디자인>3DMAX
https://kr.indeed.com/viewjob?jk=a64e1e21f61265ce,각 분야별 인재 Pool 등록,지투알 서울,,"자 - 데이터 분석 툴(Adobe Analytics 또는 Google Analytics) 유경험자 우대 - Python, R, SQL 역량 보유자 우대 - 데이터에 기반한 문제해결 능력 및 통계학적 지식 보유자 우대 - 담당..."
https://kr.indeed.com/viewjob?jk=4c70e30aa2b962c8,[신입/경력] 웹개발자,비주얼웨이브 서울 영등포구,,"원활한 분을 찾습니다.[Back-end Developer]- PHP, JSP, ASP, nodejs, python 등 언어 한가지 로 API 를 구현해본 경험이 필수 조건 입니다.- 표준 SQL 또는 mysql 로 query..."
https://kr.indeed.com/viewjob?jk=79ac23969bbd20ba,Computer Vision 개발자,인텔리코리아 서울 금천구,,채용이 취소될 수 있습니다. 인터넷·IT·통신·모바일·게임>빅데이터·AI(인공지능)>머신러닝|인터넷·IT·통신·모바일·게임>빅데이터·AI(인공지능)>딥러닝|인터넷·IT·통신·모바일·게임>빅데이터·AI(인공지능)> Python
https://kr.indeed.com/viewjob?jk=917f17953cc92dd0,글로벌 오픈소스 웹 백엔드 개발자,링크업인포텍 서울 마포구,"월급 2,400,000원 - 2,600,000원","통합. [Platform Env] Programming Languages: Python & Javascript Database: PostgreSQL... 개발 한 것에 대한 책임 [자격요건] Python, Javascript..."
https://kr.indeed.com/viewjob?jk=d4918dbd39fc969f,퀀트연구원 Quantitative Researcher,디에스파트너즈그룹 서울,,트너즈그룹 정대석대표입니다.아래와 같이 우수 인재 영입건 있어 공지하오니 관심 있으신분 연락바랍니다. 인터넷·IT·통신·모바일·게임>ERP·시스템분석·설계>데이터분석|인터넷·IT·통신·모바일·게임>응용프로그래머> Python
https://kr.indeed.com/viewjob?jk=4f97b00e0979e286,[기술 공채] 보안,NHN] [기술 경력공채 4.4 성남 판교역,,"경험/p> Java 프레임워크, Python 개발 경험 [침해사고 대응... CVE 보안취약점 분석 및 대응 역량 우대사항 C, Java, Python등을 통한 업무 자동화 및 분석도구 개발 경험 리버스 엔지니어링에..."
https://kr.indeed.com/viewjob?jk=29053eab8b976b66,데이터분석 담당자,더블유게임즈 서울 강남구,,"과를 유관 부서에 효과적으로 전달하기 위한 시각화 작업 자격 요건 - 통계 지식 및 관련 툴(SQL, R, Python 등)을 사용한 데이터 분석 능력 - 데이터를 기반으로 도출 된 결과를 문서화 할 수 있는 능력 - 데이터..."
https://kr.indeed.com/viewjob?jk=87309d3ff40ead61,딥러닝 AI 개발 연구원,베이리스 성남 수정구,,시스템프로그래머>임베디드(Embedded)|인터넷·IT·통신·모바일·게임>응용프로그래머>C·C++|인터넷·IT·통신·모바일·게임>응용프로그래머>Linux|인터넷·IT·통신·모바일·게임>빅데이터·AI(인공지능)> Python
https://kr.indeed.com/viewjob?jk=6dd6df0289d55d06,Support Engineer,Microsoft 4.2 서울,,"script-based development environments and tools (PERL, Python, Ruby, PhP, etc.) • Experience in Core Linux administration..."
https://kr.indeed.com/viewjob?jk=2b9e604e63e7e46d,[카카오커머스] 기술직군,카카오커머스 성남 분당구,,"우대사항 - 전자금융 감독규정, PCIDSS에 대한 실무 경험이나 이해도가 높으신 분 - JAVA, Python, shell script 등 개발 역량을 갖추신 분 - 웹/앱 취약점 진단 및 모의해킹 역량을 갖추신..."
https://kr.indeed.com/viewjob?jk=368e303e15b6bdb7,AI Engineer,GE Appliances 경기도 성남,,"lite, TensorRT. 5+ years of programming experience in Python, C/C++ Experiences working on deep learning model optimization..."
https://kr.indeed.com/viewjob?jk=d17da0baecf05910,데이터 분야 경력,LG CNS 3.7 서울,,"해가 뛰어난 자 - R, Python, SAS, SQL 등 활용 역량 우대사항(해당 내용 중 1개 이상) - ML/DL 경험 인력 우대 - 관련 분야 석사 이상 학위 소지자 우대 - R, Python등 데이터분석 모델링 경험..."
https://kr.indeed.com/viewjob?jk=7cb5c3076d1701db,"Field Applications Engineer, Audio",Dolby 서울,,"High level or detailed knowledge of SOC design. C/C++, python coding skills. Knowledge of music, audio/video production..."
https://kr.indeed.com/viewjob?jk=59757445a75525ca,(주)엘솔루 영업직군,㈜엘솔루 서울 서초구,,통신·모바일·게임>웹프로그래머>HTML·DHTML·mHTML|인터넷·IT·통신·모바일·게임>웹프로그래머> Python|인터넷·IT·통신·모바일·게임>빅데이터·AI(인공지능)>음성인식|인터넷·IT·통신·모바일·게임>빅데이터·AI...
https://kr.indeed.com/viewjob?jk=e077daf984584118,"[SIZL 개발부 (송도)] Front-end//Back-end 경력,...",시즐 인천 연수구,"연봉 28,000,000원 - 30,000,000원","상세 이력서 등록하기 지원양식 커리어 온라인 이력서 직무/산업 직무별(직종) 웹프로그래머웹프로그래머, MySQL, Python 산업별(업종) 솔루션.ASP.소프트웨어 소프트웨어개발 컴퓨터.하드웨어.주변기기 컴퓨터, 하드웨어"
https://kr.indeed.com/viewjob?jk=138e05647829b0bd,웹개발자,에이치앤원 서울 서초구,"연봉 26,000,000원 - 28,000,000원","무관 기타 담당업무 1. Job Description ( 직무 ) - 웹개발 or 앱개발(안드로이드) - Python, ASP.NET, JAVA - DB : MS-SQL - 머신러닝 추천시스템 개발 ?2. 급여 : 협의가능..."
https://kr.indeed.com/viewjob?jk=9d8f7dfdfc179cb6,IoT 전문가 양성 과정 훈련생,한국산업기술협회 서울 금천구,,게임>빅데이터·AI(인공지능)> Python|인터넷·IT·통신·모바일·게임... 응용프로그래머> Python|인터넷·IT·통신·모바일·게임>웹프로그래머>JAVA|인터넷·IT·통신·모바일·게임>웹프로그래머> Python|전자·기계·기술...
https://kr.indeed.com/viewjob?jk=5d586ea25719e960,[Papago] 파파고 머신러닝(컴퓨터비전) 엔지니어 체험형 인턴,네이버 서울,,"enhnacement [자격요건] · (학부/대학원) 컴퓨터비전/신호처리 관련 전공으로 재학 혹은 졸업하신 분 · Python 등의 프로그래밍 언어를 다루실 수 있는 분 · TensorFlow, PyTorch 등의 딥러닝..."
https://kr.indeed.com/viewjob?jk=45c29517caedf3cf,[내일애-2차 청년스타트업] (주)웨이센 R&D/경영지원직,웨이센 서울 강남구,,"1) R&D [경력사항] - 신입, 경력1~3년, 관련학과 3년이상 [자격요건] - C, Python, Java 등의 프로그래밍 언어에 능숙하며 문제해결이 가능한 자 - Scipy, Pandas, Numpy 등을 이용한 데이..."
https://kr.indeed.com/viewjob?jk=1232a03ce5cfd16b,(주)엘솔루 R&D본부 ASR팀 개발직,㈜엘솔루 서울,,"제공 [필수사항] ㆍ프로그래밍에 재능 및 열정이 있는 자 ㆍJava, Python 중 하나 이상의 언어사용자 ㆍWeb 개발능력 ㆍ리눅스 사용 경험자... 머신러닝(ML)|인터넷·IT·통신·모바일·게임>응용프로그래머> Python"
https://kr.indeed.com/viewjob?jk=c9e13c1e7c8a92b0,"Software Engineer, Machine Learning",Google 4.3 서울,,"an advanced degree. Programming experience in C++ and Python. Experience with relevant technologies (e.g., TensorFlow, Flume..."
https://kr.indeed.com/viewjob?jk=392272f583594fd9,대기업 딥러닝 기반 영상처리 개발자 ( 판교),인파트너스 서울,,"Pytorch- Python, C/C++, Docker C/C++/C#... 머신러닝|인터넷·IT·통신·모바일·게임>빅데이터·AI(인공지능)> Python|인터넷·IT·통신·모바일·게임>시스템프로그래머>임베디드(Embedded)"
https://kr.indeed.com/viewjob?jk=2745b1d9f08b95d6,[진행중] 우리은행 MyDataACT 전문직(데이터 사이언티스트(데이터...,우리은행 4.5 서울 회현동,,"이터 분석 업무 경력 5년 이상 보유자(관련 서비스 기획, 운영 경력 합산) - 데이터 분석 관련 언어( Python, R 등) 사용 능력 및 분석 결과의 실제 서비스 적용 경험 보유자 - 적극적이고 원만한 커뮤니케이션..."
https://kr.indeed.com/viewjob?jk=ba8bf054231cf7bb,[EAN테크놀로지] 해외사업 및 국책연구원,이에이엔테크놀로지 서울 강남구,,"직무/산업 직무별(직종) 연구직.공학개발직전기·전자연구 기계.전기.소방.설비건축설비 인공지능(AI).빅데이터인공지능(AI), 빅데이터, Python 산업별(업종) 건설.토목.시공.조경 토목, 토목감리, 토목계측, 토목설계"
https://kr.indeed.com/viewjob?jk=752a4b5d63eac97c,Back-end Engineer (Python),Soomgo 서울 강남구,,숨고의 백엔드 엔지니어( Python)는 숨고의 기반 기술을 담당하는 매우... 5년 이상의 웹/앱 서비스 백엔드 시스템 개발 경험이 있는 분 • Python 언어를 활용한 개발 경험이 있는 분 • 성능 최적화에 대해 지속적으로...
https://kr.indeed.com/viewjob?jk=3355cae893f12bf0,[공채] 2021년 수시 R&D 머신러닝 및 제어설계(PC) (5월9일...,에스에프에이 경기도 화성,,게임>응용프로그래머> Python|인터넷·IT·통신·모바일·게임>응용프로그래머>C#|인터넷·IT·통신·모바일·게임>전산·IT기술지원>S/W 엔지니어|인터넷·IT·통신·모바일·게임>웹프로그래머> Python|전자·기계·기술·화학...
https://kr.indeed.com/viewjob?jk=634bb1f5a4ecd428,"블록체인 , 거래소 개발자",알라딘글로벌알앤디센터 서울 강남구,,"ㆍJava , Node , Go , Python 등 1개 이상의 언어 개발... 모바일·게임>웹프로그래머> Python|인터넷·IT·통신·모바일·게임>응용프로그래머>JAVA|인터넷·IT·통신·모바일·게임>응용프로그래머> Python"
https://kr.indeed.com/viewjob?jk=89d77bb1e2a0584c,[NeuroTx] 백엔드 신입/경력 정규직,케이유엠텍 서울 성북구,"연봉 33,000,000원 - 50,000,000원",인터넷·IT·통신·모바일·게임>웹프로그래머> Python|인터넷·IT·통신·모바일·게임>웹프로그래머>백엔드|인터넷·IT·통신·모바일·게임>웹프로그래머>웹개발
https://kr.indeed.com/viewjob?jk=6222ccd51e1464f0,Application Architect,Amazon Web Services Korea LLC 서울,,"C#, Swift, Node.js, Python, Go, or Ruby... JavaScript, C / C ++, C #, Swift, Node.js, Python, Go 또는 Ruby 중 두 개 이상의 언어를 활용한 코딩..."
https://kr.indeed.com/viewjob?jk=5adad8124119dd14,Presales Specialist-Advanced Analytics &...,SAP 4.3 서울,,"Azure, or SAP Cloud Platform Programming expertise in C, C++, Python... R. Data modeling in both SQL & NoSQL Databases..."
https://kr.indeed.com/viewjob?jk=1aed6816db54e219,삼성청년 SW아카데미 6기,삼성청년SW아카데미 서울 강남구,,로그래머>머신러닝(ML)|인터넷·IT·통신·모바일·게임>응용프로그래머> Python|인터넷·IT·통신·모바일·게임>웹프로그래머>웹개발|인터넷·IT·통신... 통신·모바일·게임>웹프로그래머> Python|인터넷·IT·통신·모바일·게임...
https://kr.indeed.com/viewjob?jk=44f16e94e3e6b589,"Staff Software Engineer, Maps & Navigati...",Tesla 서울,,"industry Fluency in English Proficient in one of C++, Python Experience writing and shipping customer-facing code High..."
https://kr.indeed.com/viewjob?jk=ff626941e918bf66,Deep Learning Junior Engineer,Intel 4.1 서울,,"PyTorch, and Caffe - Strong programming skills with C/C++ and Python - Experiences in programming and testing on Linux..."
https://kr.indeed.com/viewjob?jk=eecaec8b148d7be2,대기업 시큐리티 카메라 SoC 개발자 (판교),인파트너스 서울,"연봉 60,000,000원 - 70,000,000원","VHDL RTL 설계- System-Verilog 및 UVM 설계- Python, C/C++ 가능- Timing report 분석 가능(DC,PT... 게임>빅데이터·AI(인공지능)> Python|인터넷·IT·통신·모바일·게임..."
https://kr.indeed.com/viewjob?jk=c7e76d9a4099dfd3,로봇 소프트웨어(ROS) 개발자(자율주행),아이들 인천 연수구,"연봉 30,000,000원 - 36,000,000원","분- 관련 기술 개발 실무 및 리딩 경험이 있는 분- 컴퓨터 비전, 머신러닝 경험이 있는 분- C, C++, Python 등 프로그래밍 활용능력 보유자- 임베디드 Linux 기반 개발 유경험자- ROS 플랫폼 실무 유경험자..."
https://kr.indeed.com/viewjob?jk=2ba9d984a21e03b1,[전문연구요원] R&D 부문 개발자 병역특례,스칼라웍스 서울 금천구,,"Data Analysis (R, SQL 등의 활용 능력 우대)3) Python Application 관련 개발 업무 (코딩 또는 문제해결) 4) ML... 게임>빅데이터·AI(인공지능)> Python|인터넷·IT·통신·모바일·게임..."
https://kr.indeed.com/viewjob?jk=c130ad24ffc25b72,기술연구소 (AI연구 및 Python개발 / 드론 영상처리),선영종합엔지니어링 고양 덕양구,,어링 기술연구소 (AI연구 및 Python개발 / 드론 영상처리) 채용 4... 프로그래밍 ㆍBig Data 활용 및 Smart plant ㆍR 및 Python 기반 프로그램 개발 ㆍ정부출연사업 제안서 작성 [근무부서 및 직급...
https://kr.indeed.com/viewjob?jk=dee1c9e840dc5691,Senior Field Applications Engineer,Dolby 서울,,"Dolby’s ecosystem, products, business, and customers. Python coding skills. Interest in music, game/film audio or video..."
https://kr.indeed.com/viewjob?jk=db26147e9223e38a,[L'Oreal Korea] IT Business Analyst,L'Oreal 4.1 서울,,"outcomes Proficiency in SQL Proficiency... least one of Python (preferred), Java, or C++ Strong understanding and hands..."
https://kr.indeed.com/viewjob?jk=f900d04ca332dc34,클라우드 백앤드 개발 (관련경력 3년이상),제이앤제이글로벌컨설팅 서울 서초구,,"3년이상)담당업무- 클라우드 서비스 백앤드 / API 개발 필요조건- Python, Spring framework 기반 모듈 설계 및 개발 능숙... 통신·모바일·게임>웹프로그래머> Python|인터넷·IT·통신·모바일·게임..."
https://kr.indeed.com/viewjob?jk=eeb9fe1c361f0758,정보보안 담당자,Nexon 성남 분당구,,보안 이벤트 분석 또는 상관관계 이벤트 분석 능력 보유 - OS 및 네트워크 관련 기초 지식 보유 - python 등의 간단한 스크립트 작성 능력보유 - 타인과의 원활한 커뮤니케이션 자세 - 새로운 기술에 대한 적극적...
https://kr.indeed.com/viewjob?jk=d69b5a1e60c65ce6,데이터 마케팅 경력사원,LG전자 3.8 서울 영등포구,,"능력 보유자 (SQL, R, Python, Scalar, Hadoop 등... 운영 경험자 - CRM 캠페인 기획/운영 경험자 - SQL, R, Python 등 통계 패키지 활용 자격증 보유자 모집기한: ~ 본 포지션 채용 시점..."
https://kr.indeed.com/viewjob?jk=49526de7ae1c788c,[TmaxCloud/기술] ProLinux QA,티맥스소프트 성남 분당구,,"사용 경험(RHEL, CentOS 등..) - ISTQB/CSTS 등 자격증 보유자 - 테스트 자동화용 Shell script 작성 경험자 - Python 사용 경험자 모집기간 2021/05/03 ~ 2021/05/31"
https://kr.indeed.com/viewjob?jk=c35892a03ccf7332,Data Analyst,뱅크샐러드 서울 영등포구,,"가지신 분 Business Intelligence 시스템 및 비즈니스 리포팅 툴의 활용 능력 프로그래밍 언어( Python/R, etc)를 활용하여 데이터 분석이 가능하신 분 더 나은 데이터 기반 서비스를 만들기 위해 동료들과..."
https://kr.indeed.com/viewjob?jk=fec4bd361c177418,Associate Cloud Developer,Amazon Web Services Korea LLC 서울,,"languages: Java, Python, Ruby, Node.js... 동등한 수준의 STEM 관련 분야 학사 학위 혹은 경험 · Java, Python, Ruby, Node.js, C # 또는 C ++ 중 하나 이상의..."
https://kr.indeed.com/viewjob?jk=e393fa440b668be7,Data Analyst,Toss 서울 강남구,,"소지하신 분 혹은 경험이 풍부하신 분 - Data Warehouse 구축 지식이나 경험이 있으신 분 - Python, R, Spark 등 언어 및 데이터 프로세싱 프레임워크에 대한 이해도가 높은 분 - 필요한 데이터를 스스로..."
https://kr.indeed.com/viewjob?jk=5e7dc1196f13b938,"NAVER, LINE 서비스 플랫폼 운영",NIT Service 성남 삼평동,,"유하신 분 - 프로그래밍 언어( python, java, c언어 등) 초급... System, WEB/WAS, DB운영 경험 - 프로그래밍 언어( python, java, c언어 등) 중급 이상 - 국가보훈대상자 및 장애인은..."
https://kr.indeed.com/viewjob?jk=6ffc6777e4269d57,Telecom Support Engineer,Amazon Web Services Korea LLC 서울,,"Java or solving complex problems in Python, the ideal candidate will love using... complex problems in Python, the ideal..."
https://kr.indeed.com/viewjob?jk=8af26b37623864c4,8퍼센트 개발자 (신입/경력),8퍼센트 서울 종로구,,개발 금융 데이터 분석과 분석 플랫폼 운영 자격요건 컴퓨터 전공자 또는 웹 개발 경력 1년 이상 우대사항 Python 코드를 무리 없이 읽으실 수 있는 분 Linux/Mac 사용 가능한 분 새로운 기술에 대한 호기심을 가지신...
https://kr.indeed.com/viewjob?jk=650893f0672cebc3,테크센터개발팀 - 웹 프로그래머,Nexon 성남 분당구,,"웹 어플리케이션 개발 경력 3년 이상 - 프로그래밍 언어 무관 (C#, Java, Javascript, Python, Go, PHP 등) - 프레임워크 무관 ( .NET MVC, Spring, node.js(Express..."
https://kr.indeed.com/viewjob?jk=9ea370e5966cdd08,첨단소재사업본부 R&D(석/박사) 경력사원,LG화학 대전광역시,,"자동화 및 고도화 2. 필수사항 - 해당경력 3년 이상 3. 우대사항 - 프로그래밍 언어 능통자(C++, Python 등) - 석사 : 1년 이상 경력을 보유한 석사학위 소지자 - 박사 : 박사학위 소지자(학위 취득 예정자는..."
https://kr.indeed.com/viewjob?jk=fdd1ec500461c093,"프론트엔드, 백엔드 개발 경력 정규직",토이스미스 서울 강남구,,"으로도 지원 가능 우대사항 l JavaScript 이외의 개발언어 능력 (JAVA, TypeScript, Python 등) l Node & React 스택의 개발자 l Spring Framework 및 오픈소스 활용 경험 l..."
https://kr.indeed.com/viewjob?jk=7a4a03e57d1263a2,기업부설연구소 연구원 경력 정규직,이룸에스엔에스 경기도 부천,,인터넷·IT·통신·모바일·게임>응용프로그래머>.NET|인터넷·IT·통신·모바일·게임>응용프로그래머>VB.NET|인터넷·IT·통신·모바일·게임>응용프로그래머>VoIP|인터넷·IT·통신·모바일·게임>응용프로그래머> Python
https://kr.indeed.com/viewjob?jk=92b82b03aac65f0e,클라우드 프론트앤드 개발 (관련경력 2년이상),제이앤제이글로벌컨설팅 서울 서초구,,"웹프론트 개발 능숙- Linux 환경 서비스 운용 경험우대사항 - Python + Django 기반 개발 경험- 클라우드 서비스 (AWS, GCP... 통신·모바일·게임>웹프로그래머> Python|인터넷·IT·통신·모바일·게임..."
https://kr.indeed.com/viewjob?jk=9a60f88f7db27703,헬스케어 AI솔루션 개발 스타트업 부문별 경력사원,고큐바테크놀로지 성남 분당구,"월급 3,330,000원","개발 우대사항 ㆍ해당직무 근무경험, 컴퓨터활용능력 우수 ㆍ인공지능, 빅데이터, 머신러닝 기술 관련 이해 ㆍ Python, OpenCV 활용자ㆍ어느 언어이든 빠른 습득과 적용자 2. VR/MR 개발자ㆍVR/MR 서비스 개발ㆍ홀로..."
https://kr.indeed.com/viewjob?jk=5555958bdde0c7ec,[해외취업] Teamlab (チームラボ)IT엔지니어 정규직,포유스 서울 문정동,"연봉 30,000,000원","아키텍처 설정, 처리의 자동화, 효율화, 범용화 2) 주요언어 ・Java、JavaScript、PHP、Ruby、 Python、Scala、Swift、Kotlin、C#、TypeScript、HTML5、CSS3등 ・SpringBoot..."
https://kr.indeed.com/viewjob?jk=b647e33d03c852bb,[Data Science Div - PUBG Studio Analytic...,PUBG 서울,,"data science and visualization libraries in Python or R Strong oral, organizational, and written communication skills..."
https://kr.indeed.com/viewjob?jk=7b3f4dca01d22782,(주)솔라라이트 인공지능(AI)개발 인재,솔라라이트 대구 동구,"월급 2,000,000원",공지능(AI)|인터넷·IT·통신·모바일·게임>빅데이터·AI(인공지능)> Python|인터넷·IT·통신·모바일·게임>빅데이터·AI(인공지능)>딥러닝|인터... 통신·모바일·게임>응용프로그래머> Python|인터넷·IT·통신·모바일·게임...
https://kr.indeed.com/viewjob?jk=e8f845ed39039c74,[KSTEC] RPA 시스템 개발 경력사원,지식시스템 성남 분당구,,통신·모바일·게임>웹프로그래머>JAVA|인터넷·IT·통신·모바일·게임>웹프로그래머>.NET|인터넷·IT·통신·모바일·게임>웹프로그래머> Python|인터넷·IT·통신·모바일·게임>웹프로그래머>HTML·DHTML·mHTML
https://kr.indeed.com/viewjob?jk=4052033bd59b7723,Software Engineer III (Embedded),BOEING 서울,,"than 1+ software languages (e.g. embedded C or C++, Java, Python, Java script, model based engineering and so on) English..."
https://kr.indeed.com/viewjob?jk=d158e683dc0b7500,파이썬 개발자 초중급 이상,데이터앤솔루션 서울 서초구,,전형 접수방법 채용시 접수방법: 인크루트 채용시스템 접수양식: 인크루트 이력서 기타 유의사항 입사지원서 및 제출서류에 허위사실이 있을 경우 채용이 취소될 수 있습니다. 인터넷·IT·통신·모바일·게임>응용프로그래머> Python
https://kr.indeed.com/viewjob?jk=a12ed5fabcda10de,(전액국비지원) 홈 IoT 실무자 교육·인턴십 및 취업연계 과정 교육생,한국스마트홈산업협회 서울 금천구,,"연수 ※ Java, Spring Framework, Android, Python 등 교육 및 IoT 구현 프로젝트 수행 사업기간 : 2021년 3월... 게임>빅데이터·AI(인공지능)> Python|인터넷·IT·통신·모바일·게임..."
https://kr.indeed.com/viewjob?jk=e920829c5804c7c7,Data Scientist 경력인재 - 글로벌 우량대기업,에스에프인촌 서울,,모바일·게임>빅데이터·AI(인공지능)>데이터분석|인터넷·IT·통신·모바일·게임>빅데이터·AI(인공지능)> Python|인터넷·IT·통신·모바일·게임>빅데이터·AI(인공지능)>데이터시각화디자이너|인터넷·IT·통신·모바일·게임...
https://kr.indeed.com/viewjob?jk=35f72aeb142bceaa,[NIT Service] NAVER IDC 서버 운영/관리(춘천),엔아이티서비스 강원도 춘천,,"application 운영 경험 - Shell script, python 활용 가능 - 해외 데이터센터 인프라 구축 또는 운영 경험 - 국가보훈대상자... 경험 - Shell script, python 활용 가능 - 해외 데이터센..."
https://kr.indeed.com/viewjob?jk=7dbaa95d22eacd29,"웹개발, 백엔드 외 경력 정규직",아이티엔제이 울산 남구,"연봉 40,000,000원 - 50,000,000원","경력(4년 이상 ) 학력사항: 대학교(4년)졸업 이상 직무기술: 웹프로그래밍, 응용프로그램개발, JAVA, PYTHON 기타: ㆍ다양한 업무를 신속하게 이해하고 도식화 할 수 있는 분 ㆍ고객의 소리를 듣는 귀가 지혜 있는..."
https://kr.indeed.com/viewjob?jk=69ab0f58743cb713,21년 전문연구요원 (AI엔지니어),Nexon 성남 분당구,,"대상자 - 병역의무가 없거나 면제된 분, 병역의 의무를 마치신 분은 본 공고의 대상에서 제외됨 - Python에 숙련된 프로그래밍 능력과 머신러닝 라이브러리 활용 경험 - 머신러닝과 강화학습에 관련된 지식 습득 혹은..."
https://kr.indeed.com/viewjob?jk=89f3e10d77a126bf,Field Service Engineer,Nearfield Instruments 경기도 용인,,"troubleshooting. Preferably to have coding capability (Matlab, Python...etc... data analysis, visualization, and algorithm..."
https://kr.indeed.com/viewjob?jk=22fce0a32d1b021c,Corporate Application Engineer – Calibre...,Mentor Graphics (Korea) LLC 4.0 경기도 성남,,"Linux OS, and previous experience with scripting or Tcl/ Python/Perl programming preferred Familiar with Siemens EDA’s Calibre..."
https://kr.indeed.com/viewjob?jk=b95d00f1145e5ef3,(광주취업맛집1위)2021년도 국비 기술교육생,대한상공회의소 광주인력개발원 광주 광산구,,통신·모바일·게임>빅데이터·AI(인공지능)>데이터분석|인터넷·IT·통신·모바일·게임>빅데이터·AI(인공지능)> Python|인터넷·IT·통신·모바일·게임>빅데이터·AI(인공지능)>머신러닝|인터넷·IT·통신·모바일·게임>빅데이터...
https://kr.indeed.com/viewjob?jk=5c45a3d19019f932,Data Engineer,Soomgo 서울 강남구,,레이크나 웨어하우스 구축 및 운영 경험 • 대용량 트래픽 분산과 처리에 대한 관심 및 경험이 있는 분 • Python 3.6 이상 능숙 • Airflow 또는 Kafka 구축 및 운용 경험 • Google Analytics...
https://kr.indeed.com/viewjob?jk=3b88e473dddfdaaf,"[해외취업] 힙합의류 쇼핑몰, 웹 개발자 - 째끼롸웃",아이씨엔그룹 서울 역삼동,"연봉 34,000,000원 - 46,000,000원","그 외 자격요건 1. Must be proficient in HTML, CSS, JavaScript and Python 2. Working knowledge of Databases. 3. Should have working..."
https://kr.indeed.com/viewjob?jk=02bcd7b6412d1db9,자율주행연구팀 연구사원 (신입/경력),소네트 대구 달성군,,"필수사항 - C / C++ / Python 언어 사용 가능자 • 우대사항... C++언어 사용 가능자 • 우대사항 - 운전 가능자 - JAVA / python 언어 사용 가능자 - 오픈소스 (OpenCV, ROS 등) 사용 경험..."
https://kr.indeed.com/viewjob?jk=18b288e9021d899f,NAVER IDC 서버 운영/관리,NIT Service 춘천 동면,,"Web, WAS에 대한 지식과 System application 운영 경험 - Shell script, python 활용 가능 - 해외 데이터센터 인프라 구축 또는 운영 경험 - 국가보훈대상자 및 장애인은 법령에 의거 우대..."
https://kr.indeed.com/viewjob?jk=4e582cf138209b17,K-POP 엔터테인먼트 플랫폼 서버 프로그래머 모집,엔씨소프트 2.7 성남 판교역,,"비스 관리툴 개발 - 로깅/데이터 분석 도구 개발 지원자격 학력 : 무관 경력기간 : 3년 ~ 필수조건 - Python 개발이 능숙하신 분 - HTML5, Javascript, css 등 기본적인 웹 환경의 이해를 바탕으로..."
https://kr.indeed.com/viewjob?jk=24e69dd8ce509652,(주)엘솔루 서비스기획 관리자,㈜엘솔루 서울,,통신·모바일·게임>웹프로그래머>HTML·DHTML·mHTML|인터넷·IT·통신·모바일·게임>웹프로그래머> Python|재무·회계·경리>세무·회계>회계|재무·회계·경리>세무·회계>전산회계|재무·회계·경리>세무·회계>회계감사
https://kr.indeed.com/viewjob?jk=3c1d4f6279e5a418,[KSTEC] RPA 시스템 개발 신입사원,지식시스템 성남 분당구,,통신·모바일·게임>웹프로그래머>JAVA|인터넷·IT·통신·모바일·게임>웹프로그래머>.NET|인터넷·IT·통신·모바일·게임>웹프로그래머> Python|인터넷·IT·통신·모바일·게임>웹프로그래머>HTML·DHTML·mHTML
https://kr.indeed.com/viewjob?jk=2c4c5856662783e7,Data Analyst,IQVIA 서울,,learning / predictive modeling ) • 통계 프로그램 활용 능력 SAS / R / Python 중 최소 1가지 중급 이상의 활용능력 요구 • Communication Basic English...
https://kr.indeed.com/viewjob?jk=464ad076ec3e1fa0,CHC – Business intelligence - TOM_2136,Sanofi 4.1 서울,,"degree in related field Business-level experience with R, Python Experience owning the analytics and performance of a large..."
https://kr.indeed.com/viewjob?jk=4f2835fd73c9e3c7,Application Engineer III - (E3),Applied Materials Inc. 대한민국,,"trainer. 7. Direct experience of algorithm writing (e.g., R, Python... plus. 8. Travel to international locations at ~25..."
https://kr.indeed.com/viewjob?jk=55584c627df1acaa,데이터 분석가/사이언티스트(신입/인턴 가능),쏘카 제주도 제주,,"Sheet) 등 데이터 분석 도구를 원활히 다루시거나, 앞으로 원활히 다루고자 하는 의지가 높으신 분 • Python, R 등의 프로그래밍 언어 혹은 데이터 분석 언어를 1개 이상 능숙하게 사용 가능하신 분 전형절차 서류..."
https://kr.indeed.com/viewjob?jk=6fc2719750916dd3,Deep Learning Engineer,Intel 4.1 서울,,MxNet - Strong programming skills with C/C++ and Python - Experiences in programming and testing on Linux environment...
https://kr.indeed.com/viewjob?jk=18aa3efc170a88cc,2021년 혁신성장 청년인재 집중양성사업 교육생 (클라우드 시스템 엔지니...,한국생산성본부 4.0 서울 중구,,게임>웹프로그래머>백엔드|인터넷·IT·통신·모바일·게임>웹프로그래머> Python|인터넷·IT·통신·모바일·게임>응용프로그래머>C#|인터넷·IT·통신... 게임>빅데이터·AI(인공지능)> Python|인터넷·IT·통신·모바일·게임...
https://kr.indeed.com/viewjob?jk=695713f706e2220e,[정규직] Data Scientist,SK 씨앤씨 4.0 서울,,"규모 데이터 처리 경험 우대 역량/스킬 * 통계분석, ML/DL 전문 지식 및 업무 활용 역량 * 분석 Tool( Python, R, TensorFlow 등) 활용 역량 * ML/DL (Machine Learning, Deep..."
https://kr.indeed.com/viewjob?jk=d8f7987987180c56,Cloud Solution Engineer 3,Oracle 3.8 서울,,"etc. Shell Script, Python or Java Script... development languages... Java and Python Development and operation experience..."
https://kr.indeed.com/viewjob?jk=06a6e700196764b9,[AI R&D] Language AI(NLP) Research 분야 수시...,엔씨소프트 2.7 성남 판교역,,"분 - 통계/Machine Learning에 대한 이해와 활용 능력 및 text 처리 기술에 대한 경험 - Python, Java 등을 이용하여 NLP 기술을 구현 가능한 분 - 최신 기술(논문, 기술문서 등)을 습득하는..."
https://kr.indeed.com/viewjob?jk=ac9068957c550cb3,데이터 전문가(모델러/분석가/엔지니어) 모집,카카오 4.0 성남 판교역,,대용량 데이터를 효율적으로 사용하기 위한 기반 데이터 가공 지원자격 데이터 사이언스를 위한 언어(R/ Python/Scala) 및 도구(scikit-learn/Spark MLlib/Tensorflow/Pytorch 등)를...
